0.45299,-0.48167,-0.33383,0.0065361,0.31074,0.51438,0.4587
0.45543,-0.49281,-0.33604,0.0078849,0.39723,0.51234,0.45944
0.4581,-0.50133,-0.32544,0.022785,0.44975,0.51102,0.46001
0.46094,-0.50743,-0.30455,0.047793,0.47805,0.51038,0.46051
0.4639,-0.51133,-0.27592,0.079465,0.49188,0.51036,0.46102
0.46693,-0.51323,-0.2421,0.11436,0.50099,0.51093,0.46163
0.46997,-0.51334,-0.20562,0.14902,0.51464,0.51203,0.46242
0.47297,-0.51186,-0.16904,0.18002,0.53444,0.51362,0.46349
0.47588,-0.50901,-0.13488,0.2039,0.55592,0.51563,0.46491
0.47864,-0.50498,-0.10521,0.21846,0.57444,0.51804,0.46678
0.48122,-0.49999,-0.079297,0.23714,0.58612,0.52078,0.46918
0.48361,-0.49425,-0.055503,0.28034,0.59122,0.5238,0.47216
0.48581,-0.48795,-0.032174,0.33235,0.59147,0.52707,0.47557
0.48785,-0.4813,-0.0077608,0.36596,0.58858,0.53052,0.47922
0.48973,-0.47452,0.018165,0.38471,0.58428,0.53412,0.48291
0.49144,-0.46777,0.045334,0.39886,0.57994,0.53781,0.48642
0.49301,-0.45919,0.073466,0.41865,0.57579,0.54156,0.48958
0.49444,-0.4441,0.10228,0.4529,0.57176,0.54533,0.49216
0.49578,-0.41772,0.13144,0.49543,0.5678,0.5491,0.49398
0.49708,-0.38088,0.16062,0.53226,0.56387,0.55283,0.49505
0.49838,-0.34263,0.18946,0.55922,0.5599,0.55649,0.49559
0.49972,-0.3116,0.21766,0.57745,0.55584,0.56004,0.4958
0.50115,-0.28796,0.24508,0.58883,0.55167,0.56346,0.49592
0.50272,-0.2677,0.27169,0.59555,0.54747,0.56674,0.49616
0.50446,-0.24676,0.29741,0.59979,0.54343,0.56989,0.49675
0.50636,-0.22117,0.32224,0.60342,0.53974,0.57295,0.4979
0.50833,-0.19049,0.34677,0.6068,0.53656,0.57592,0.49963
0.5103,-0.1599,0.37203,0.60982,0.53408,0.57883,0.50173
0.51219,-0.135,0.39904,0.61235,0.53248,0.5817,0.50397
0.51395,-0.11664,0.42878,0.61429,0.53194,0.58454,0.50611
0.51548,-0.095234,0.46056,0.61552,0.53265,0.58736,0.50793
0.51673,-0.062975,0.49165,0.61601,0.53477,0.59014,0.50918
0.51761,-0.025458,0.5197,0.61581,0.53842,0.59287,0.50964
0.51807,0.0083289,0.54493,0.61498,0.54336,0.59553,0.50918
0.51803,0.035129,0.56838,0.61358,0.54925,0.59811,0.50797
0.51745,0.058233,0.59065,0.61167,0.55576,0.60057,0.50624
0.51625,0.081288,0.61146,0.60929,0.56257,0.60291,0.50421
0.51438,0.10788,0.63045,0.60652,0.56935,0.60509,0.50211
0.51176,0.13899,0.64721,0.60341,0.57576,0.60704,0.50014
0.50841,0.17204,0.66134,0.60003,0.58151,0.6087,0.49855
0.50451,0.20418,0.67243,0.59645,0.58657,0.61001,0.49753
0.50028,0.23317,0.68006,0.59278,0.5911,0.6109,0.49707
0.49594,0.25954,0.68384,0.58911,0.59523,0.61131,0.49694
0.49172,0.28468,0.68388,0.58552,0.5991,0.61118,0.49689
0.48783,0.30997,0.68114,0.58211,0.60284,0.61053,0.49667
0.48449,0.33669,0.67663,0.57905,0.6066,0.60942,0.49602
0.48181,0.36413,0.67135,0.5765,0.61052,0.60795,0.49471
0.47956,0.39003,0.66631,0.57465,0.61471,0.60619,0.4925
0.47746,0.41214,0.66216,0.57368,0.61908,0.60421,0.48933
0.47522,0.43028,0.65885,0.57377,0.62347,0.60208,0.48527
0.47255,0.44842,0.65624,0.5749,0.6277,0.5999,0.48039
0.46918,0.47105,0.65418,0.57694,0.63161,0.59773,0.47473
0.46482,0.50264,0.65253,0.57974,0.63502,0.59559,0.46838
0.45918,0.54709,0.65116,0.58317,0.63775,0.59348,0.46139
0.45212,0.59856,0.64993,0.58708,0.63969,0.5914,0.45387
0.44396,0.64312,0.64871,0.59132,0.64089,0.58932,0.44597
0.43517,0.67458,0.64747,0.59576,0.64143,0.58726,0.43784
0.42622,0.69486,0.64621,0.6003,0.64141,0.58519,0.42965
0.41757,0.70622,0.64493,0.60488,0.64092,0.58312,0.42156
0.40969,0.71091,0.64362,0.60945,0.64005,0.58099,0.41371
0.40292,0.71121,0.64229,0.61394,0.63891,0.57876,0.40625
0.39713,0.70937,0.64093,0.61828,0.63756,0.57637,0.39909
0.39201,0.7076,0.63953,0.62242,0.63612,0.57375,0.39211
0.38725,0.70684,0.63805,0.62629,0.63462,0.57083,0.38517
0.38255,0.70684,0.63643,0.6299,0.63304,0.56757,0.37813
0.3776,0.70733,0.63464,0.63325,0.63137,0.5639,0.37085
0.37212,0.70801,0.63261,0.63634,0.6296,0.55977,0.36321
0.36582,0.7086,0.63031,0.63918,0.62771,0.55521,0.35506
0.35869,0.70881,0.62768,0.64177,0.6257,0.55025,0.34637
0.35082,0.70836,0.62467,0.64412,0.62354,0.54496,0.33729
0.34229,0.70711,0.62125,0.64624,0.62122,0.53936,0.32798
0.33318,0.70513,0.61754,0.64813,0.61875,0.53352,0.3186
0.32356,0.70251,0.61392,0.64981,0.6161,0.52748,0.30931
0.31353,0.69935,0.61076,0.6513,0.6133,0.52127,0.30028
0.30317,0.69572,0.60845,0.65262,0.61035,0.51495,0.29165
0.29257,0.69171,0.60737,0.65381,0.60724,0.50853,0.28359
0.28187,0.68743,0.60792,0.65489,0.60398,0.50206,0.27614
0.27121,0.68296,0.61046,0.65589,0.60059,0.49557,0.26917
0.26072,0.67847,0.61533,0.65683,0.59713,0.48908,0.26253
0.25055,0.67412,0.62216,0.65771,0.59368,0.48265,0.25609
0.24082,0.67009,0.63002,0.65847,0.59035,0.47626,0.24971
0.23168,0.66655,0.63797,0.65904,0.58722,0.46989,0.24324
0.22326,0.66359,0.64516,0.65936,0.58437,0.4635,0.23654
0.21571,0.66119,0.65138,0.65936,0.58191,0.45706,0.22948
0.20906,0.65926,0.6567,0.65898,0.57991,0.45052,0.22194
0.20312,0.65774,0.6612,0.65815,0.57831,0.44385,0.21398
0.19764,0.65656,0.66495,0.65687,0.57682,0.43702,0.20573
0.19238,0.65564,0.66804,0.6552,0.57517,0.42999,0.19732
0.18712,0.65491,0.67054,0.65322,0.57303,0.42276,0.18889
0.1816,0.6543,0.67253,0.651,0.57013,0.41534,0.18056
0.17559,0.65374,0.67409,0.64862,0.56615,0.40776,0.17248
0.16888,0.65316,0.67529,0.64614,0.56082,0.40001,0.16475
0.16147,0.65249,0.67623,0.64365,0.5541,0.39213,0.15738
0.15349,0.65172,0.67696,0.64121,0.5465,0.38411,0.15028
0.14507,0.65095,0.67758,0.63887,0.53859,0.37598,0.14335
0.13632,0.65023,0.6781,0.63664,0.53095,0.36777,0.1365
0.12739,0.64965,0.67853,0.6345,0.52415,0.35953,0.12961
0.11838,0.64929,0.67885,0.63244,0.51869,0.35133,0.12261
0.10943,0.64923,0.67904,0.63044,0.51443,0.34322,0.11538
0.10065,0.64953,0.67911,0.6285,0.5109,0.33528,0.10785
0.092068,0.65029,0.67904,0.62659,0.5076,0.32757,0.099997
0.083646,0.65157,0.67882,0.62471,0.50404,0.32014,0.091865
0.075351,0.65345,0.67846,0.62277,0.49974,0.31303,0.083488
0.067154,0.65595,0.67799,0.6207,0.49421,0.30606,0.074902
0.059019,0.65897,0.67744,0.6184,0.48727,0.29892,0.066145
0.050916,0.66241,0.67681,0.61577,0.47921,0.29133,0.057253
0.04281,0.66616,0.67615,0.61272,0.47037,0.28299,0.048263
0.034673,0.67012,0.67548,0.60916,0.46107,0.27375,0.039217
0.026493,0.67419,0.6748,0.60499,0.45165,0.26382,0.030166
0.018275,0.67825,0.67413,0.6002,0.44242,0.25342,0.021161
0.010021,0.68221,0.67339,0.59486,0.43373,0.24279,0.012253
0.0017356,0.68595,0.67252,0.58907,0.4258,0.23218,0.0034927
-0.0065781,0.68938,0.67146,0.58292,0.41849,0.2218,-0.0050678
-0.014917,0.69239,0.67015,0.57649,0.41157,0.21186,-0.013378
-0.023276,0.69492,0.66851,0.56987,0.40484,0.20259,-0.021386
-0.031654,0.69701,0.66649,0.56316,0.39806,0.19419,-0.029094
-0.040042,0.6987,0.66405,0.55643,0.39103,0.1869,-0.03658
-0.048434,0.7,0.66123,0.54967,0.38353,0.18091,-0.043932
-0.056821,0.70097,0.65812,0.54284,0.37535,0.17638,-0.051236
-0.065196,0.70163,0.65479,0.53591,0.36651,0.17274,-0.05858
-0.07355,0.70203,0.65132,0.52886,0.35715,0.16903,-0.066049
-0.081875,0.70218,0.64779,0.52165,0.3474,0.1643,-0.073732
-0.090163,0.70213,0.64428,0.51424,0.33739,0.15759,-0.081715
-0.098407,0.7019,0.64086,0.50662,0.32727,0.14794,-0.090071
-0.10662,0.7015,0.63753,0.49881,0.31717,0.13444,-0.098766
-0.11481,0.70096,0.63421,0.49091,0.30714,0.11803,-0.10771
-0.123,0.70029,0.63081,0.48304,0.29715,0.10187,-0.11683
-0.13122,0.69953,0.62723,0.47529,0.28713,0.088313,-0.12602
-0.13948,0.6987,0.6234,0.46778,0.27705,0.077218,-0.13521
-0.14781,0.69779,0.61922,0.46062,0.26685,0.068012,-0.1443
-0.15621,0.69681,0.6146,0.4539,0.25653,0.060124,-0.15321
-0.16471,0.69574,0.6095,0.44762,0.2462,0.052984,-0.16186
-0.17331,0.69458,0.60398,0.4415,0.23602,0.046022,-0.17035
-0.18197,0.6933,0.59809,0.43527,0.22612,0.038667,-0.17887
-0.19069,0.69191,0.59191,0.42863,0.21664,0.03038,-0.18767
-0.19942,0.69039,0.58548,0.42129,0.20773,0.021166,-0.19694
-0.20816,0.68874,0.57887,0.41298,0.1995,0.011492,-0.20692
-0.21687,0.68693,0.57214,0.40348,0.19187,0.0018408,-0.21781
-0.22554,0.68496,0.56535,0.39308,0.18474,-0.0073075,-0.22984
-0.23414,0.68281,0.55849,0.38219,0.17796,-0.015471,-0.24306
-0.24266,0.68046,0.55155,0.37125,0.17141,-0.022168,-0.25631
-0.25113,0.67792,0.54452,0.36069,0.16487,-0.026932,-0.26787
-0.25955,0.67515,0.53737,0.35077,0.15811,-0.030146,-0.27688
-0.26794,0.67214,0.5301,0.34141,0.15089,-0.033511,-0.28391
-0.27631,0.66889,0.52269,0.33248,0.14297,-0.038845,-0.28959
-0.28468,0.66537,0.51512,0.32383,0.13414,-0.047952,-0.2946
-0.29306,0.66156,0.50739,0.31533,0.12414,-0.061295,-0.29958
-0.30146,0.65744,0.49954,0.30684,0.11275,-0.076685,-0.30521
-0.30988,0.65299,0.49159,0.29822,0.10018,-0.091626,-0.31181
-0.3183,0.6482,0.48357,0.28934,0.087255,-0.10367,-0.31928
-0.3267,0.64304,0.47549,0.28016,0.074856,-0.11202,-0.32743
-0.33505,0.63751,0.46738,0.27075,0.0638,-0.11782,-0.33609
-0.34333,0.63165,0.45928,0.26116,0.054206,-0.1223,-0.34509
-0.35153,0.62551,0.45118,0.25145,0.045751,-0.12673,-0.35426
-0.35961,0.61914,0.44306,0.24169,0.038101,-0.13236,-0.36343
-0.36757,0.61257,0.43488,0.23194,0.030926,-0.1401,-0.37242
-0.37542,0.60585,0.4266,0.22225,0.023892,-0.1496,-0.38115
-0.38319,0.59902,0.41819,0.21269,0.016668,-0.16019,-0.3896
-0.39095,0.59214,0.40962,0.20327,0.0089604,-0.17118,-0.39776
-0.39875,0.58519,0.40085,0.19395,0.00073089,-0.18192,-0.40562
-0.40663,0.57817,0.39184,0.18471,-0.00795,-0.19205,-0.41316
-0.41463,0.57106,0.38262,0.17551,-0.017012,-0.20171,-0.42037
-0.42282,0.56385,0.37321,0.16631,-0.026385,-0.21103,-0.42725
-0.43124,0.55653,0.36364,0.15709,-0.035998,-0.22017,-0.43377
-0.43984,0.54908,0.35395,0.1478,-0.045781,-0.22926,-0.43993
-0.44847,0.5415,0.34417,0.13842,-0.055651,-0.23846,-0.44575
-0.45698,0.53377,0.33433,0.12898,-0.065497,-0.2479,-0.45131
-0.46521,0.52591,0.32446,0.11949,-0.075204,-0.25752,-0.45667
-0.47302,0.51793,0.31458,0.10999,-0.084655,-0.26707,-0.46191
-0.48025,0.50983,0.30473,0.10048,-0.093737,-0.27633,-0.46711
-0.48675,0.50162,0.29494,0.090997,-0.10233,-0.28503,-0.47234
-0.49238,0.4933,0.28522,0.081563,-0.11033,-0.29294,-0.47768
-0.49721,0.48489,0.2756,0.072195,-0.11764,-0.29981,-0.4832
-0.50145,0.47639,0.26612,0.062873,-0.12443,-0.30539,-0.48898
-0.50533,0.46779,0.25679,0.053563,-0.13098,-0.3098,-0.49508
-0.50905,0.45907,0.24757,0.044226,-0.13758,-0.31387,-0.50146
-0.51285,0.45023,0.23837,0.034826,-0.14451,-0.31853,-0.50803
-0.51693,0.44125,0.22912,0.025326,-0.15206,-0.32468,-0.51473
-0.52153,0.43212,0.21976,0.01569,-0.16051,-0.33326,-0.52147
-0.52677,0.42283,0.2102,0.0058822,-0.16996,-0.34495,-0.52819
-0.5325,0.41337,0.20037,-0.0040764,-0.18015,-0.35888,-0.53479
-0.53853,0.40375,0.1902,-0.014093,-0.19079,-0.37347,-0.54122
-0.54465,0.39399,0.1797,-0.024071,-0.20159,-0.38719,-0.54739
-0.55067,0.38411,0.16898,-0.033912,-0.21225,-0.39924,-0.55325
-0.55638,0.37413,0.15815,-0.04352,-0.2225,-0.40959,-0.55874
-0.56158,0.36407,0.14733,-0.052797,-0.23226,-0.41831,-0.5638
-0.56608,0.35395,0.13665,-0.061646,-0.24157,-0.42541,-0.56837
-0.56969,0.34379,0.12622,-0.069988,-0.25043,-0.43095,-0.57239
-0.57243,0.3336,0.11616,-0.077936,-0.25888,-0.43495,-0.5758
-0.57446,0.3234,0.10655,-0.085725,-0.26696,-0.43748,-0.57857
-0.57597,0.31319,0.097289,-0.093592,-0.27482,-0.43902,-0.58076
-0.57711,0.30299,0.088239,-0.10177,-0.28262,-0.44045,-0.58247
-0.57807,0.2928,0.079261,-0.11049,-0.29057,-0.44269,-0.58377
-0.57902,0.28263,0.070218,-0.11972,-0.29884,-0.44662,-0.58476
-0.5801,0.27248,0.060969,-0.12933,-0.30761,-0.45317,-0.58551
-0.58134,0.26238,0.051377,-0.13918,-0.31707,-0.46323,-0.58612
-0.58273,0.25233,0.041425,-0.14913,-0.32723,-0.47753,-0.58668
-0.58426,0.24234,0.031266,-0.15902,-0.33788,-0.4943,-0.58722
-0.58593,0.23244,0.021072,-0.16872,-0.34879,-0.50977,-0.58775
-0.58772,0.22263,0.011011,-0.17822,-0.35975,-0.52148,-0.58827
-0.58963,0.21293,0.0012538,-0.18757,-0.37054,-0.52976,-0.5888
-0.5916,0.20335,-0.008107,-0.19682,-0.38092,-0.53528,-0.58933
-0.59356,0.19386,-0.017179,-0.20603,-0.39074,-0.53872,-0.58987
-0.59541,0.18439,-0.026104,-0.21524,-0.40007,-0.54074,-0.59043
-0.59707,0.17488,-0.035022,-0.22452,-0.40904,-0.54203,-0.59101
-0.59844,0.16526,-0.044073,-0.23391,-0.41781,-0.54325,-0.59162
-0.59946,0.15548,-0.053397,-0.24344,-0.42651,-0.54497,-0.59225
-0.60006,0.14546,-0.063076,-0.25308,-0.4352,-0.54729,-0.59291
-0.60027,0.13523,-0.073046,-0.26281,-0.44378,-0.55012,-0.59353
-0.6001,0.12483,-0.083222,-0.27258,-0.45213,-0.5534,-0.594
-0.59957,0.11431,-0.093519,-0.28238,-0.46015,-0.55706,-0.59419
-0.59869,0.10375,-0.10385,-0.29217,-0.4677,-0.56102,-0.59401
-0.59749,0.09319,-0.11414,-0.30192,-0.47468,-0.56522,-0.59332
-0.59598,0.082687,-0.12429,-0.3116,-0.48097,-0.56958,-0.59203
-0.59419,0.072296,-0.13426,-0.3212,-0.48659,-0.57408,-0.59011
-0.59218,0.062028,-0.14405,-0.33072,-0.49179,-0.57876,-0.58765
-0.59009,0.051863,-0.15365,-0.34016,-0.49687,-0.58366,-0.5848
-0.58801,0.041781,-0.16309,-0.34951,-0.50212,-0.58884,-0.58167
-0.58608,0.031762,-0.17235,-0.35879,-0.50778,-0.59434,-0.57841
-0.5844,0.021784,-0.18145,-0.36799,-0.51385,-0.60021,-0.57514
-0.58309,0.011827,-0.19038,-0.3771,-0.52022,-0.60644,-0.57198
-0.58227,0.0018717,-0.19918,-0.38614,-0.5268,-0.61265,-0.56907
-0.58196,-0.0080953,-0.20795,-0.3951,-0.53347,-0.61821,-0.56654
-0.5818,-0.018071,-0.21685,-0.40395,-0.54013,-0.62252,-0.56451
-0.58135,-0.02805,-0.22601,-0.41268,-0.54669,-0.62515,-0.56312
-0.58017,-0.038027,-0.23559,-0.42128,-0.55314,-0.62633,-0.56238
-0.57783,-0.047998,-0.24573,-0.42972,-0.55945,-0.62643,-0.56196
-0.57386,-0.057959,-0.25656,-0.43798,-0.56563,-0.62582,-0.56143
-0.56785,-0.067903,-0.26823,-0.44605,-0.57167,-0.62487,-0.56035
-0.55949,-0.077837,-0.28053,-0.45391,-0.57756,-0.62396,-0.5583
-0.54939,-0.087785,-0.29299,-0.46158,-0.58328,-0.62344,-0.55485
-0.53841,-0.097777,-0.30512,-0.46908,-0.58879,-0.62351,-0.54958
-0.52747,-0.10784,-0.31643,-0.47643,-0.59401,-0.62405,-0.54232
-0.51743,-0.11801,-0.32646,-0.48365,-0.59889,-0.62494,-0.53352
-0.50865,-0.1283,-0.33526,-0.49078,-0.60337,-0.62602,-0.52366
-0.5009,-0.13875,-0.34324,-0.49782,-0.60739,-0.62718,-0.51327
-0.4939,-0.14935,-0.35083,-0.50481,-0.61088,-0.62826,-0.50285
-0.48741,-0.16003,-0.35848,-0.51177,-0.6138,-0.62913,-0.49289
-0.48117,-0.17069,-0.36661,-0.5187,-0.61622,-0.62967,-0.48392
-0.4749,-0.18125,-0.37554,-0.52561,-0.61824,-0.62982,-0.4764
-0.46842,-0.19162,-0.38516,-0.53251,-0.61996,-0.62959,-0.47029
-0.46182,-0.20171,-0.39529,-0.53939,-0.62149,-0.62894,-0.46522
-0.45523,-0.21142,-0.40571,-0.54628,-0.62292,-0.62788,-0.46079
-0.4488,-0.22071,-0.41626,-0.55316,-0.62433,-0.6264,-0.4566
-0.44268,-0.22968,-0.42671,-0.56005,-0.62572,-0.62447,-0.45226
-0.437,-0.23853,-0.4369,-0.56691,-0.62708,-0.62209,-0.44737
-0.4319,-0.24746,-0.44673,-0.57372,-0.62838,-0.61926,-0.44154
-0.42743,-0.25666,-0.45619,-0.58045,-0.62963,-0.61602,-0.43446
-0.42347,-0.26631,-0.46529,-0.58708,-0.6308,-0.61242,-0.42634
-0.41994,-0.27653,-0.47405,-0.59358,-0.63189,-0.60849,-0.41766
-0.41674,-0.28718,-0.48247,-0.59992,-0.63288,-0.60426,-0.40887
-0.41375,-0.29807,-0.49055,-0.60607,-0.63376,-0.59979,-0.40044
-0.41088,-0.30903,-0.49832,-0.61202,-0.63452,-0.59511,-0.39281
-0.40802,-0.31988,-0.50576,-0.61772,-0.63514,-0.59026,-0.38646
-0.40515,-0.33046,-0.51295,-0.62315,-0.63557,-0.58521,-0.38183
-0.40229,-0.34071,-0.51993,-0.62829,-0.63581,-0.57993,-0.37895
-0.39945,-0.35071,-0.52678,-0.63309,-0.63581,-0.57435,-0.37742
-0.39665,-0.36055,-0.53355,-0.63754,-0.63555,-0.56843,-0.3768
-0.39393,-0.37032,-0.54032,-0.6416,-0.63501,-0.56213,-0.37665
-0.3913,-0.38011,-0.54714,-0.64523,-0.63415,-0.55539,-0.37653
-0.38878,-0.39001,-0.55408,-0.64843,-0.63295,-0.54816,-0.37601
-0.38639,-0.40011,-0.5612,-0.65122,-0.63147,-0.54053,-0.37464
-0.38402,-0.41044,-0.56852,-0.65365,-0.62978,-0.53272,-0.37216
-0.38155,-0.42084,-0.57589,-0.65578,-0.62796,-0.52499,-0.36875
-0.37886,-0.43114,-0.58315,-0.65766,-0.62608,-0.51759,-0.36468
-0.37581,-0.44114,-0.59012,-0.65935,-0.62423,-0.51077,-0.36025
-0.37228,-0.45067,-0.59663,-0.66088,-0.62248,-0.50477,-0.35572
-0.36815,-0.45955,-0.6025,-0.66233,-0.62091,-0.49983,-0.35138
-0.36332,-0.46773,-0.60758,-0.66374,-0.6196,-0.49592,-0.34749
-0.35809,-0.47538,-0.61171,-0.66516,-0.61854,-0.49284,-0.34425
-0.35294,-0.48264,-0.61501,-0.66661,-0.61757,-0.49038,-0.34183
-0.34834,-0.48969,-0.61774,-0.66804,-0.61652,-0.48836,-0.34041
-0.34478,-0.49668,-0.62014,-0.66936,-0.61522,-0.48655,-0.34015
-0.34263,-0.50379,-0.62249,-0.67053,-0.61351,-0.48477,-0.34117
-0.34165,-0.51116,-0.62504,-0.67146,-0.61121,-0.48282,-0.34315
-0.34142,-0.51897,-0.62804,-0.67211,-0.60815,-0.48048,-0.3456
-0.34151,-0.52734,-0.63164,-0.67239,-0.60419,-0.4778,-0.34804
-0.3415,-0.53622,-0.63576,-0.67226,-0.5995,-0.47506,-0.34996
-0.34095,-0.54541,-0.64025,-0.67177,-0.59437,-0.4726,-0.35087
-0.33944,-0.55477,-0.64496,-0.67103,-0.58909,-0.47072,-0.35028
-0.33675,-0.56412,-0.64976,-0.67015,-0.58394,-0.46947,-0.34788
-0.33339,-0.57329,-0.65451,-0.66925,-0.57924,-0.46868,-0.344
-0.33008,-0.58212,-0.65906,-0.66844,-0.57526,-0.46816,-0.33914
-0.3275,-0.59055,-0.66344,-0.66784,-0.57225,-0.46776,-0.33379
-0.32635,-0.59858,-0.66784,-0.66756,-0.57018,-0.46742,-0.32844
-0.32732,-0.60623,-0.67241,-0.66764,-0.56893,-0.46723,-0.32359
-0.33113,-0.61353,-0.67733,-0.66803,-0.56836,-0.46734,-0.31973
-0.33829,-0.62049,-0.68277,-0.66865,-0.56837,-0.46783,-0.31703
-0.34723,-0.62714,-0.68863,-0.66943,-0.56882,-0.46882,-0.31466
-0.35489,-0.63348,-0.69465,-0.6703,-0.5696,-0.47026,-0.31164
-0.35817,-0.63959,-0.7006,-0.6712,-0.57058,-0.47204,-0.30698
-0.35398,-0.64553,-0.7062,-0.67205,-0.57168,-0.47409,-0.29967
-0.33921,-0.65139,-0.7112,-0.67282,-0.57286,-0.4763,-0.28872
-0.31077,-0.65725,-0.71534,-0.67358,-0.57409,-0.47858,-0.27307
-0.26665,-0.66318,-0.71854,-0.67446,-0.57534,-0.48084,-0.2505
-0.2169,-0.66927,-0.72109,-0.67558,-0.57655,-0.48286,-0.21792
-0.17897,-0.67558,-0.72333,-0.67705,-0.57771,-0.4844,-0.17223
-0.13901,-0.68221,-0.72562,-0.67899,-0.57877,-0.48519,-0.11144
-0.036261,-0.68917,-0.7283,-0.68152,-0.5797,-0.485,-0.041663
0.043624,-0.69647,-0.73172,-0.68475,-0.58053,-0.48356,0.029278
0.085792,-0.70407,-0.73605,-0.68869,-0.5813,-0.48061,0.10117
0.13376,-0.71195,-0.7412,-0.69327,-0.58205,-0.47596,0.1716
0.21373,-0.72009,-0.74703,-0.69842,-0.58283,-0.46992,0.22847
0.31826,-0.72848,-0.7534,-0.70408,-0.58368,-0.46319,0.2862
0.39492,-0.73706,-0.76017,-0.71017,-0.58464,-0.45644,0.35181
0.42801,-0.74569,-0.76723,-0.71663,-0.58575,-0.45036,0.41882
0.44808,-0.75419,-0.77443,-0.72338,-0.58696,-0.44527,0.47722
0.48094,-0.7624,-0.78164,-0.73036,-0.5881,-0.43829,0.51527
0.52462,-0.77013,-0.78878,-0.73746,-0.58899,-0.42492,0.53955
0.56854,-0.77722,-0.79591,-0.74459,-0.58945,-0.40066,0.56943
0.60642,-0.78355,-0.8031,-0.75166,-0.58928,-0.36421,0.61007
0.63853,-0.78929,-0.8104,-0.75856,-0.58832,-0.32803,0.65129
0.6657,-0.79467,-0.81789,-0.7652,-0.58639,-0.30213,0.68388
0.68888,-0.7999,-0.82562,-0.77149,-0.58349,-0.23006,0.70764
0.70915,-0.80523,-0.83366,-0.77733,-0.5798,-0.10475,0.72536
0.72757,-0.81088,-0.84207,-0.78271,-0.5755,-0.11939,0.73981
0.74518,-0.81708,-0.85093,-0.78761,-0.57079,-0.18928,0.75287
0.76265,-0.82406,-0.86029,-0.79203,-0.56586,-0.06737,0.76527
0.78052,-0.83201,-0.87027,-0.79596,-0.56088,-0.055708,0.7777
0.79934,-0.84092,-0.88096,-0.79939,-0.55604,-0.066623,0.79081
0.81894,-0.85069,-0.89246,-0.8023,-0.55123,0.16015,0.80515
0.83742,-0.86123,-0.90487,-0.8047,-0.54359,0.18948,0.82048
0.85266,-0.87244,-0.9183,-0.80649,-0.52892,0.2107,0.83636
0.86427,-0.88424,-0.93281,-0.80747,-0.50301,0.26648,0.85232
0.87348,-0.89654,-0.94788,-0.80749,-0.46165,0.31038,0.86791
0.8816,-0.90921,-0.96243,-0.80636,-0.40566,0.35807,0.88268
0.88992,-0.92203,-0.97534,-0.80389,-0.36298,0.42152,0.89653
0.89956,-0.93472,-0.98552,-0.79992,-0.36595,0.46383,0.90964
0.91139,-0.947,-0.99254,-0.79427,-0.37159,0.49443,0.92225
0.92621,-0.9586,-0.99681,-0.78674,-0.27591,0.52781,0.93457
0.94359,-0.96966,-0.99878,-0.77708,-0.15644,0.56345,0.94682
0.96112,-0.98091,-0.99891,-0.76502,-0.13787,0.59542,0.95914
0.9765,-0.99313,-0.99767,-0.75028,-0.10203,0.6201,0.97163
0.98993,-1.0071,-0.99551,-0.73257,-0.060306,0.63923,0.98436
1.0031,-1.0236,-0.99289,-0.71162,-0.027038,0.65531,0.99744
1.0176,-1.0427,-0.99015,-0.68758,-0.0020735,0.67081,1.0109
1.0347,-1.0614,-0.98726,-0.66156,0.01861,0.6882,1.0249
1.0527,-1.0766,-0.98416,-0.63482,0.039028,0.7082,1.0391
1.069,-1.0871,-0.98077,-0.60829,0.062091,0.72898,1.0527
1.0812,-1.0938,-0.97703,-0.58145,0.088488,0.7485,1.0651
1.0886,-1.0975,-0.97288,-0.5534,0.11864,0.76472,1.0756
1.0922,-1.0991,-0.96823,-0.52355,0.15233,0.77661,1.0837
1.093,-1.0993,-0.96302,-0.49368,0.18532,0.78582,1.0897
1.0922,-1.0991,-0.95726,-0.46657,0.21181,0.79449,1.0938
1.0908,-1.0992,-0.95096,-0.44347,0.231,0.80471,1.0965
1.0896,-1.0997,-0.94416,-0.42125,0.24965,0.81854,1.0983
1.089,-1.1003,-0.93689,-0.39605,0.27517,0.83576,1.0993
1.0886,-1.1009,-0.92917,-0.36647,0.31314,0.85384,1.0995
1.0882,-1.1012,-0.92103,-0.33597,0.35635,0.87046,1.099
1.0878,-1.1011,-0.91251,-0.30844,0.39262,0.88524,1.0975
1.087,-1.1003,-0.9035,-0.28439,0.41846,0.89841,1.0952
1.0857,-1.0986,-0.89363,-0.26149,0.43854,0.91024,1.0918
1.0835,-1.0959,-0.8825,-0.23734,0.45788,0.92096,1.0874
1.0802,-1.0921,-0.86971,-0.21009,0.48111,0.93081,1.0822
1.0754,-1.0873,-0.85487,-0.18082,0.5086,0.94024,1.0764
1.0686,-1.0814,-0.83757,-0.15145,0.53795,0.95018,1.0703
1.0599,-1.0744,-0.81742,-0.12384,0.5667,0.96169,1.0642
1.0497,-1.0662,-0.79446,-0.097945,0.5929,0.97579,1.0585
1.0389,-1.0569,-0.76927,-0.072216,0.61769,0.99222,1.0534
1.0284,-1.0465,-0.74242,-0.045066,0.6434,1.0091,1.0481
1.0181,-1.035,-0.71454,-0.015999,0.67235,1.0243,1.0416
1.0075,-1.0227,-0.68632,0.012647,0.70503,1.0371,1.0325
0.99635,-1.0096,-0.65854,0.038361,0.73647,1.0478,1.0197
0.98423,-0.99605,-0.63182,0.061385,0.76134,1.057,1.0018
0.97122,-0.98211,-0.60577,0.083525,0.7802,1.0653,0.98043
0.95801,-0.96795,-0.57964,0.10661,0.79652,1.0729,0.95923
0.94532,-0.95366,-0.55266,0.13201,0.81375,1.0798,0.94209
0.93389,-0.93924,-0.52424,0.15934,0.8338,1.0858,0.93057
0.9243,-0.92467,-0.49472,0.18777,0.85661,1.0909,0.92271
0.91612,-0.90995,-0.4647,0.21648,0.88167,1.0951,0.91622
0.90851,-0.89508,-0.4348,0.24482,0.90541,1.0984,0.90891
0.90061,-0.88009,-0.40555,0.27247,0.92302,1.1012,0.90015
0.89158,-0.86522,-0.37713,0.29918,0.93423,1.1034,0.89059
0.88063,-0.85079,-0.34965,0.3248,0.94078,1.1053,0.88095
0.86821,-0.83712,-0.32321,0.35012,0.94441,1.1069,0.87193
0.85592,-0.82453,-0.29769,0.37639,0.94688,1.108,0.86377
0.84538,-0.81333,-0.27204,0.40469,0.94978,1.108,0.85616
0.83771,-0.80356,-0.24494,0.43385,0.95352,1.1064,0.84873
0.83244,-0.79437,-0.21512,0.46132,0.9579,1.1026,0.84111
0.82884,-0.78481,-0.18239,0.48627,0.96272,1.0962,0.83295
0.82616,-0.77392,-0.15129,0.51078,0.96777,1.0879,0.82409
0.82366,-0.76072,-0.1276,0.53717,0.97285,1.0789,0.81497
0.82058,-0.74432,-0.1171,0.56663,0.97775,1.0702,0.80612
0.8162,-0.72465,-0.12223,0.59676,0.98228,1.0627,0.79806
0.80977,-0.70225,-0.12479,0.62447,0.98625,1.0563,0.79091
0.80101,-0.67765,-0.098667,0.647,0.98948,1.0499,0.78457
0.79073,-0.65142,-0.017758,0.6663,0.99177,1.0427,0.77896
0.77984,-0.62446,0.12368,0.68773,0.99295,1.0337,0.77399
0.76924,-0.59793,0.22459,0.71506,0.99281,1.0219,0.76958
0.75966,-0.57299,0.14909,0.74443,0.99118,1.007,0.76554
0.75108,-0.5504,0.16422,0.76975,0.98797,0.99,0.76145
0.74335,-0.52758,0.31571,0.78694,0.98314,0.97258,0.75678
0.7363,-0.50037,0.30804,0.79692,0.97667,0.95621,0.75105
0.72978,-0.46455,0.30483,0.80132,0.96851,0.94217,0.74375
0.72363,-0.41499,0.36888,0.80178,0.9587,0.93042,0.7347
0.71768,-0.34793,0.42742,0.79995,0.94746,0.92048,0.7247
0.71179,-0.27713,0.45805,0.79743,0.93505,0.91184,0.71472
0.70584,-0.2233,0.47234,0.79492,0.9217,0.90404,0.70572
0.69974,-0.186,0.48214,0.79246,0.90766,0.89658,0.69842
0.69339,-0.15218,0.49443,0.79006,0.8932,0.88896,0.69253
0.68669,-0.11154,0.50865,0.78772,0.87862,0.88075,0.68748
0.67954,-0.056611,0.52361,0.78545,0.86423,0.87189,0.68272
0.67185,0.0062948,0.53814,0.7832,0.85037,0.86255,0.67768
0.66362,0.058309,0.55104,0.78081,0.83734,0.85291,0.67192
0.65497,0.10358,0.56118,0.77811,0.82532,0.84312,0.66546
0.64601,0.15296,0.56826,0.77492,0.81426,0.83335,0.65841
0.63687,0.20816,0.57274,0.77106,0.80405,0.82376,0.65092
0.62765,0.26739,0.5751,0.76637,0.79463,0.81439,0.64309
0.61849,0.32343,0.57582,0.76066,0.78594,0.80529,0.63507
0.60949,0.3659,0.57538,0.75381,0.778,0.79649,0.62697
0.60078,0.3943,0.57425,0.74605,0.77085,0.78804,0.61894
0.59246,0.41187,0.57292,0.73789,0.76452,0.77998,0.61106
0.58467,0.42182,0.57172,0.72984,0.75905,0.77234,0.60332
0.57752,0.42739,0.57065,0.72242,0.75443,0.76516,0.59561
0.57111,0.43174,0.56967,0.71607,0.75047,0.75849,0.58786
0.56539,0.43635,0.56873,0.71075,0.74688,0.75232,0.57997
0.55996,0.4411,0.56779,0.70617,0.74338,0.74647,0.57173
0.55438,0.4458,0.5668,0.70204,0.7397,0.74074,0.56283
0.54823,0.45028,0.56573,0.69806,0.73563,0.7349,0.55298
0.54107,0.45435,0.56454,0.69395,0.73122,0.72875,0.54189
0.53247,0.45782,0.56327,0.6895,0.72661,0.72205,0.52975
0.52216,0.46051,0.56199,0.6848,0.72192,0.7146,0.51707
0.51057,0.46231,0.56077,0.67999,0.71729,0.70625,0.50438
0.49832,0.46335,0.55968,0.6752,0.71284,0.69727,0.49222
0.48605,0.46375,0.5588,0.67058,0.70871,0.68813,0.4811
0.47437,0.46367,0.55819,0.66626,0.70497,0.67929,0.47132
0.46337,0.46325,0.55793,0.66239,0.70154,0.67122,0.46265
0.45251,0.46264,0.55804,0.65911,0.69832,0.66437,0.45477
0.44118,0.46198,0.55848,0.65654,0.6952,0.65905,0.44735
0.4291,0.4614,0.55924,0.65479,0.69209,0.65484,0.44008
0.41703,0.46093,0.56028,0.65371,0.6889,0.65111,0.43263
0.40601,0.46059,0.56156,0.65315,0.68559,0.64723,0.4247
0.39692,0.46035,0.56307,0.65293,0.6822,0.64257,0.41599
0.38954,0.46022,0.56477,0.65288,0.67879,0.63648,0.40649
0.38305,0.46019,0.56662,0.65283,0.67539,0.62835,0.39632
0.37662,0.46025,0.56864,0.65265,0.67205,0.61754,0.38563
0.36942,0.46041,0.5708,0.6524,0.66881,0.60395,0.37455
0.36063,0.46065,0.5731,0.65216,0.66571,0.58883,0.36321
0.34944,0.461,0.57555,0.65204,0.66275,0.57362,0.35176
0.33596,0.46146,0.57812,0.65213,0.65991,0.55976,0.34038
0.32164,0.46203,0.58083,0.65253,0.65718,0.54856,0.32929
0.30802,0.46274,0.58366,0.65334,0.65454,0.54009,0.31873
0.29647,0.46358,0.58661,0.65452,0.65197,0.53368,0.30891
0.28684,0.46457,0.58966,0.65595,0.64944,0.52865,0.29982
0.27839,0.46573,0.59279,0.65752,0.6469,0.52432,0.29069
0.27036,0.4671,0.59597,0.65909,0.64427,0.52003,0.28055
0.262,0.46875,0.59917,0.66054,0.64148,0.51507,0.26846
0.253,0.47074,0.60237,0.66176,0.63846,0.50887,0.25378
0.24344,0.47311,0.60552,0.66261,0.63515,0.50138,0.23735
0.23344,0.47594,0.6086,0.66297,0.63146,0.49286,0.22037
0.22309,0.47927,0.61158,0.66276,0.62733,0.48354,0.20409
0.21251,0.48317,0.61437,0.66203,0.62268,0.47366,0.1897
0.20179,0.48768,0.61689,0.66084,0.61746,0.46346,0.17797
0.19104,0.4928,0.61905,0.65926,0.61171,0.45319,0.1685
0.18033,0.49854,0.62078,0.65735,0.60547,0.44307,0.16075
0.16966,0.50489,0.62197,0.65517,0.59881,0.43327,0.15417
0.15907,0.51186,0.62259,0.6528,0.59178,0.42371,0.14821
0.14857,0.51945,0.62274,0.65025,0.58443,0.41427,0.14234
0.13817,0.5275,0.62255,0.64752,0.5768,0.40486,0.136
0.12788,0.53555,0.62216,0.64458,0.56894,0.39535,0.12876
0.11769,0.54312,0.62171,0.6414,0.56083,0.38565,0.12057
0.10755,0.54976,0.62133,0.63797,0.55248,0.37563,0.11145
0.097448,0.55503,0.62116,0.63426,0.5439,0.36521,0.10145
0.087345,0.55905,0.62133,0.63025,0.53509,0.35447,0.090636
0.077212,0.56214,0.62198,0.62593,0.52605,0.34359,0.079286
0.067019,0.56463,0.62324,0.62131,0.51678,0.33273,0.06771
0.056736,0.56684,0.62501,0.61641,0.50733,0.32208,0.056221
0.046348,0.56909,0.6271,0.61128,0.49785,0.31179,0.045061
0.035865,0.57172,0.62927,0.60592,0.48855,0.30206,0.034216
0.025298,0.57487,0.63133,0.60037,0.47963,0.29302,0.023605
0.014659,0.57847,0.63304,0.59466,0.47127,0.28452,0.013153
0.0039596,0.58244,0.63421,0.58881,0.46347,0.27622,0.0027793
-0.0067881,0.5867,0.63461,0.58284,0.45603,0.26774,-0.0075925
-0.017573,0.59115,0.63409,0.57678,0.44873,0.25872,-0.018041
-0.028382,0.59572,0.63275,0.57065,0.44137,0.24881,-0.028644
-0.039203,0.60033,0.63075,0.56448,0.43373,0.23764,-0.039451
-0.050012,0.60488,0.62825,0.5583,0.42559,0.22523,-0.050389
-0.060784,0.60929,0.62541,0.55211,0.41675,0.21222,-0.061355
-0.071493,0.61346,0.62238,0.54596,0.4071,0.1993,-0.072246
-0.082114,0.61731,0.61931,0.53983,0.39679,0.18718,-0.082959
-0.092621,0.62075,0.61634,0.53369,0.38603,0.17652,-0.09339
-0.10299,0.62368,0.61343,0.5275,0.37501,0.16736,-0.10344
-0.11319,0.62602,0.61049,0.52122,0.36393,0.15927,-0.11299
-0.12322,0.62767,0.60743,0.51479,0.35298,0.15178,-0.12206
-0.13311,0.62855,0.60418,0.50818,0.34236,0.14442,-0.13085
-0.14293,0.62857,0.60065,0.50134,0.33225,0.13672,-0.13957
-0.15276,0.62768,0.59674,0.49423,0.32264,0.12821,-0.14846
-0.16264,0.62603,0.59239,0.48686,0.31328,0.11849,-0.15773
-0.17264,0.62379,0.5876,0.47923,0.30391,0.10766,-0.16762
-0.18284,0.62115,0.58244,0.47134,0.29429,0.096173,-0.17833
-0.19329,0.61827,0.57699,0.46322,0.28415,0.084453,-0.19009
-0.20404,0.61534,0.57134,0.45486,0.27327,0.07294,-0.20277
-0.21504,0.61254,0.56556,0.44628,0.26167,0.062069,-0.21582
-0.22619,0.61003,0.55973,0.43748,0.2499,0.052277,-0.22871
-0.23739,0.60784,0.55393,0.42849,0.23857,0.043955,-0.24086
-0.24856,0.60588,0.54818,0.41935,0.22825,0.036869,-0.25186
-0.25961,0.60403,0.54245,0.41009,0.21914,0.03034,-0.26182
-0.27044,0.60219,0.53671,0.40075,0.21096,0.023679,-0.27103
-0.28096,0.60025,0.53094,0.39136,0.20335,0.016195,-0.27979
-0.29109,0.59812,0.52511,0.38197,0.19599,0.0071995,-0.28838
-0.30089,0.59567,0.51919,0.37261,0.18855,-0.0037601,-0.29701
-0.31045,0.59286,0.51315,0.36332,0.18067,-0.016282,-0.30588
-0.31986,0.5897,0.50696,0.35409,0.17211,-0.029773,-0.31519
-0.32923,0.58622,0.50059,0.34492,0.16288,-0.043638,-0.32514
-0.33865,0.58247,0.49402,0.33577,0.15306,-0.057331,-0.33593
-0.3482,0.57848,0.48722,0.32663,0.14275,-0.07058,-0.34774
-0.35799,0.57428,0.48016,0.31747,0.13203,-0.083211,-0.36078
-0.3681,0.56992,0.4728,0.30827,0.12098,-0.09505,-0.37482
-0.3785,0.56542,0.46512,0.299,0.10969,-0.10592,-0.38888
-0.38912,0.56084,0.4571,0.28965,0.098249,-0.11565,-0.40186
-0.39988,0.55616,0.44877,0.28022,0.086785,-0.12423,-0.41285
-0.41071,0.5514,0.44022,0.27072,0.075449,-0.13187,-0.42201
-0.42153,0.54653,0.43157,0.26113,0.064395,-0.13884,-0.42993
-0.43229,0.54153,0.42291,0.25148,0.053778,-0.14541,-0.43723
-0.4429,0.53641,0.41435,0.24176,0.04375,-0.15182,-0.44449
-0.45329,0.53114,0.406,0.23198,0.034468,-0.15835,-0.4523
-0.46342,0.52571,0.39795,0.22213,0.026083,-0.16524,-0.46088
-0.47329,0.52012,0.39022,0.21227,0.018661,-0.17271,-0.47004
-0.48289,0.51437,0.38263,0.20243,0.011943,-0.18103,-0.47958
-0.49222,0.50849,0.37492,0.19269,0.0056019,-0.1904,-0.48928
-0.50128,0.50248,0.36686,0.18311,-0.00069107,-0.20109,-0.49895
-0.51005,0.49635,0.35821,0.17374,-0.0072637,-0.21329,-0.50837
-0.51855,0.49013,0.34873,0.16465,-0.014444,-0.22648,-0.51734
-0.52675,0.48383,0.33818,0.15589,-0.022547,-0.23925,-0.52565
-0.5347,0.47745,0.3264,0.14743,-0.031581,-0.25014,-0.53328
-0.54244,0.471,0.31379,0.13914,-0.041255,-0.25838,-0.54044
-0.55005,0.46446,0.30106,0.13088,-0.051265,-0.26518,-0.54732
-0.55757,0.45781,0.28893,0.12252,-0.061308,-0.27209,-0.55415
-0.56508,0.45102,0.27809,0.1139,-0.071106,-0.28067,-0.56113
-0.57264,0.4441,0.26891,0.10489,-0.080639,-0.29242,-0.56846
-0.5803,0.437,0.26107,0.095362,-0.090035,-0.30747,-0.57637
-0.58812,0.42973,0.25419,0.085267,-0.099424,-0.32411,-0.58505
-0.59607,0.42226,0.24786,0.074803,-0.10893,-0.34054,-0.59452
-0.6041,0.41461,0.2417,0.064194,-0.1187,-0.35498,-0.60444
-0.61213,0.40679,0.23532,0.053666,-0.12882,-0.36647,-0.61445
-0.62011,0.39881,0.22833,0.043437,-0.13926,-0.37574,-0.62417
-0.62799,0.39067,0.22065,0.033606,-0.14988,-0.38371,-0.6333
-0.6357,0.38239,0.21238,0.024098,-0.16052,-0.39127,-0.64168
-0.64318,0.37397,0.20365,0.014828,-0.17106,-0.39935,-0.64915
-0.65037,0.36542,0.19457,0.0057106,-0.18135,-0.40886,-0.65556
-0.65727,0.35677,0.18527,-0.0033401,-0.19124,-0.42044,-0.66092
-0.66384,0.34803,0.17586,-0.012409,-0.20065,-0.43336,-0.66543
-0.67008,0.33921,0.16646,-0.021557,-0.2097,-0.44648,-0.6693
-0.67597,0.33035,0.15716,-0.030768,-0.21864,-0.45866,-0.67277
-0.68148,0.32144,0.14795,-0.04001,-0.22769,-0.4689,-0.67605
-0.68661,0.31253,0.13881,-0.049254,-0.23709,-0.47728,-0.67938
-0.69133,0.30361,0.12969,-0.058469,-0.24706,-0.48433,-0.68297
-0.69564,0.29473,0.12056,-0.067623,-0.25784,-0.49059,-0.68698
-0.69954,0.28589,0.11139,-0.076688,-0.26935,-0.49659,-0.69131
-0.70309,0.27714,0.10215,-0.085663,-0.28121,-0.50288,-0.69576
-0.70631,0.26849,0.092821,-0.094593,-0.29302,-0.50998,-0.70018
-0.70925,0.25998,0.083453,-0.10353,-0.30438,-0.51809,-0.70437
-0.71195,0.25162,0.074104,-0.11252,-0.3149,-0.52693,-0.70816
-0.71444,0.24346,0.06483,-0.12161,-0.32435,-0.53615,-0.71138
-0.71677,0.23547,0.055692,-0.13086,-0.33302,-0.54539,-0.71384
-0.71896,0.22757,0.046745,-0.14031,-0.34125,-0.55433,-0.71553
-0.72102,0.21969,0.038049,-0.15001,-0.34939,-0.56261,-0.71658
-0.72295,0.21174,0.029632,-0.15993,-0.35777,-0.5699,-0.71716
-0.72476,0.20365,0.021384,-0.16999,-0.36675,-0.57608,-0.71746
-0.72644,0.19532,0.013164,-0.18012,-0.37653,-0.58152,-0.71763
-0.728,0.18669,0.0048269,-0.19022,-0.38685,-0.58667,-0.71785
-0.72943,0.17776,-0.0037713,-0.20023,-0.39737,-0.59196,-0.71829
-0.73075,0.16863,-0.012774,-0.21007,-0.40775,-0.59785,-0.71901
-0.73192,0.15935,-0.022326,-0.21966,-0.41764,-0.60477,-0.71992
-0.73292,0.15003,-0.032552,-0.22895,-0.42671,-0.61313,-0.72091
-0.73373,0.14073,-0.0433,-0.238,-0.43495,-0.62269,-0.72186
-0.73433,0.13153,-0.054215,-0.24686,-0.44269,-0.63247,-0.72266
-0.73469,0.12251,-0.064934,-0.25557,-0.45028,-0.64148,-0.72318
-0.7348,0.11364,-0.075095,-0.26419,-0.45808,-0.64875,-0.72333
-0.73462,0.1049,-0.084363,-0.27277,-0.46645,-0.65404,-0.72304
-0.73421,0.096236,-0.092746,-0.28135,-0.47571,-0.6578,-0.72242
-0.73359,0.087623,-0.10049,-0.29,-0.48581,-0.6605,-0.72159
-0.73283,0.079021,-0.10786,-0.29873,-0.49614,-0.66262,-0.72065
-0.73196,0.070395,-0.1151,-0.3076,-0.5061,-0.66461,-0.71973
-0.73104,0.061709,-0.12247,-0.31663,-0.51508,-0.66697,-0.71893
-0.7301,0.052961,-0.13023,-0.32586,-0.523,-0.67013,-0.71838
-0.72919,0.044176,-0.13851,-0.33532,-0.5301,-0.67415,-0.71818
-0.72829,0.035377,-0.14725,-0.34502,-0.53661,-0.67878,-0.7183
-0.72737,0.026589,-0.15635,-0.35486,-0.54277,-0.68378,-0.71858
-0.7264,0.017837,-0.16571,-0.36471,-0.54884,-0.68889,-0.71887
-0.72536,0.0091458,-0.17525,-0.37442,-0.55505,-0.69385,-0.719
-0.72423,0.0005397,-0.18485,-0.38388,-0.56164,-0.69842,-0.71881
-0.72298,-0.0079717,-0.19443,-0.39302,-0.56866,-0.70235,-0.71816
-0.72158,-0.016411,-0.2039,-0.40186,-0.576,-0.70556,-0.71694
-0.72005,-0.024806,-0.21325,-0.41044,-0.58352,-0.70816,-0.71525
-0.71844,-0.033183,-0.2225,-0.4188,-0.59109,-0.71026,-0.71325
-0.71675,-0.04157,-0.23168,-0.42697,-0.59856,-0.71196,-0.71108
-0.71504,-0.049994,-0.24081,-0.43499,-0.6058,-0.71337,-0.70888
-0.71334,-0.058482,-0.24991,-0.4429,-0.61266,-0.71461,-0.70681
-0.71167,-0.067057,-0.25901,-0.45071,-0.61899,-0.71578,-0.705
-0.71007,-0.075716,-0.26811,-0.45843,-0.62463,-0.71698,-0.70361
-0.70858,-0.084448,-0.27722,-0.46606,-0.62943,-0.71822,-0.70266
-0.70723,-0.09324,-0.28631,-0.47361,-0.63322,-0.71944,-0.70211
-0.70606,-0.10208,-0.29539,-0.48107,-0.6359,-0.72056,-0.70187
-0.70509,-0.11095,-0.30442,-0.48846,-0.63767,-0.72151,-0.70187
-0.70438,-0.11985,-0.3134,-0.49576,-0.6389,-0.72224,-0.70204
-0.70395,-0.12876,-0.32232,-0.503,-0.63995,-0.72267,-0.7023
-0.70385,-0.13767,-0.33115,-0.51018,-0.6412,-0.72274,-0.70258
-0.7041,-0.14656,-0.3399,-0.51732,-0.64301,-0.72241,-0.70282
-0.70469,-0.15544,-0.34855,-0.52445,-0.6457,-0.72168,-0.70301
-0.70561,-0.16429,-0.3571,-0.53157,-0.64918,-0.72058,-0.70325
-0.7068,-0.1731,-0.36554,-0.53871,-0.65319,-0.71913,-0.70361
-0.70824,-0.18186,-0.37386,-0.54588,-0.65747,-0.71733,-0.7042
-0.7099,-0.19056,-0.38205,-0.55309,-0.66177,-0.71522,-0.7051
-0.71173,-0.1992,-0.39011,-0.56025,-0.66581,-0.71279,-0.70639
-0.71371,-0.2078,-0.39806,-0.56725,-0.66934,-0.71008,-0.70818
-0.71582,-0.21636,-0.40594,-0.57394,-0.6721,-0.70716,-0.71053
-0.71811,-0.22491,-0.41379,-0.5802,-0.67394,-0.70409,-0.71347
-0.72067,-0.23347,-0.42167,-0.58591,-0.67502,-0.70096,-0.71694
-0.72356,-0.24205,-0.42962,-0.59094,-0.67552,-0.69786,-0.72089
-0.72687,-0.25066,-0.43768,-0.59516,-0.67564,-0.69485,-0.72525
-0.73068,-0.25933,-0.44591,-0.59861,-0.67555,-0.69202,-0.72998
-0.73505,-0.26804,-0.4543,-0.60152,-0.67545,-0.68946,-0.73502
-0.74003,-0.27677,-0.46273,-0.60409,-0.67553,-0.68717,-0.74031
-0.74543,-0.28551,-0.47104,-0.60657,-0.67586,-0.68507,-0.74578
-0.75101,-0.29423,-0.47907,-0.60919,-0.67633,-0.68308,-0.75131
-0.75655,-0.30291,-0.48669,-0.61216,-0.67683,-0.68109,-0.75679
-0.7618,-0.31153,-0.49374,-0.61572,-0.67725,-0.67902,-0.7621
-0.76653,-0.32007,-0.50024,-0.61992,-0.67748,-0.67678,-0.76714
-0.77051,-0.32851,-0.50632,-0.62458,-0.67741,-0.67426,-0.77177
-0.77351,-0.33685,-0.51211,-0.62951,-0.67693,-0.67142,-0.7759
-0.77539,-0.34509,-0.51774,-0.6345,-0.67592,-0.66834,-0.77938
-0.77606,-0.35321,-0.52332,-0.63937,-0.67428,-0.66523,-0.78182
-0.77541,-0.36122,-0.529,-0.6439,-0.67209,-0.66226,-0.78268
-0.77333,-0.36909,-0.53483,-0.64795,-0.66952,-0.65962,-0.7814
-0.76973,-0.37684,-0.54076,-0.65137,-0.66675,-0.6575,-0.77744
-0.7645,-0.38445,-0.54675,-0.65406,-0.66394,-0.65609,-0.77025
-0.75754,-0.39196,-0.55272,-0.65589,-0.66126,-0.65555,-0.75927
-0.7488,-0.39939,-0.55863,-0.65672,-0.65889,-0.65588,-0.74396
-0.73822,-0.40678,-0.56442,-0.65656,-0.65676,-0.65696,-0.72433
-0.72579,-0.41415,-0.57002,-0.65559,-0.65468,-0.65864,-0.70213
-0.71146,-0.42153,-0.57537,-0.65401,-0.65246,-0.66078,-0.67942
-0.69521,-0.42895,-0.58045,-0.65202,-0.6499,-0.66324,-0.65829
-0.67705,-0.43644,-0.5852,-0.64985,-0.64681,-0.66588,-0.64081
-0.65739,-0.44397,-0.58959,-0.6477,-0.64299,-0.66855,-0.62756
-0.63688,-0.45148,-0.59359,-0.64577,-0.63848,-0.67114,-0.61672
-0.61617,-0.4589,-0.59716,-0.64425,-0.63369,-0.67365,-0.60624
-0.5959,-0.46619,-0.60026,-0.64318,-0.62902,-0.67611,-0.59405
-0.57649,-0.47326,-0.60285,-0.64249,-0.62492,-0.67857,-0.5781
-0.55673,-0.48008,-0.60491,-0.64211,-0.62179,-0.68107,-0.55633
-0.53476,-0.48656,-0.60651,-0.64198,-0.6198,-0.68365,-0.52764
-0.50869,-0.49271,-0.6078,-0.64204,-0.61874,-0.68636,-0.49551
-0.47668,-0.49861,-0.60891,-0.64221,-0.61832,-0.68922,-0.46484
-0.4393,-0.50432,-0.60998,-0.64244,-0.61828,-0.69219,-0.44027
-0.40122,-0.50995,-0.61117,-0.64265,-0.61835,-0.69514,-0.42221
-0.36724,-0.51556,-0.61261,-0.64278,-0.61828,-0.69791,-0.40736
-0.33851,-0.52125,-0.61443,-0.64278,-0.6181,-0.70038,-0.39229
-0.31367,-0.52709,-0.61663,-0.64258,-0.61791,-0.70241,-0.37358
-0.29134,-0.53313,-0.61916,-0.64212,-0.61781,-0.70384,-0.34789
-0.27014,-0.53922,-0.62194,-0.64135,-0.61792,-0.70457,-0.3119
-0.24869,-0.54516,-0.6249,-0.6402,-0.61834,-0.70482,-0.26375
-0.22603,-0.55075,-0.62798,-0.63862,-0.61919,-0.70507,-0.21519
-0.20182,-0.55579,-0.6311,-0.63656,-0.62057,-0.70579,-0.1825
-0.17575,-0.56006,-0.63422,-0.63394,-0.62253,-0.70748,-0.16392
-0.14777,-0.56338,-0.63724,-0.63074,-0.62501,-0.7106,-0.15101
-0.11818,-0.56561,-0.64011,-0.62701,-0.62791,-0.71565,-0.13532
-0.087307,-0.56697,-0.64273,-0.62288,-0.63118,-0.72303,-0.10876
-0.055524,-0.56779,-0.64501,-0.61847,-0.63472,-0.7318,-0.070912
-0.023824,-0.56838,-0.64684,-0.6139,-0.63846,-0.73979,-0.028517
0.0063053,-0.56908,-0.64812,-0.60929,-0.64233,-0.74476,0.011393
0.033419,-0.57021,-0.64875,-0.60477,-0.64624,-0.7445,0.042937
0.057605,-0.57209,-0.64864,-0.60044,-0.65014,-0.73679,0.067101
0.080573,-0.57482,-0.64768,-0.59644,-0.65396,-0.71939,0.087399
0.10411,-0.57826,-0.64578,-0.59284,-0.65765,-0.69106,0.10735
0.13001,-0.58226,-0.64308,-0.58963,-0.66113,-0.65483,0.13047
0.15955,-0.58665,-0.63992,-0.58682,-0.66434,-0.61495,0.15944
0.19124,-0.59128,-0.63662,-0.5844,-0.66722,-0.57576,0.19229
0.22261,-0.596,-0.63352,-0.58237,-0.66971,-0.54192,0.22545
0.25136,-0.60063,-0.63095,-0.58072,-0.67175,-0.51798,0.25559
0.27687,-0.60503,-0.62924,-0.57944,-0.67334,-0.50359,0.28178
0.29957,-0.60903,-0.62874,-0.57854,-0.67464,-0.49235,0.30447
0.31992,-0.61251,-0.62944,-0.578,-0.67582,-0.47749,0.3241
0.33837,-0.61543,-0.63067,-0.57783,-0.67706,-0.45222,0.34115
0.35536,-0.61782,-0.63162,-0.57801,-0.67854,-0.4114,0.35606
0.37133,-0.61969,-0.63152,-0.57854,-0.68042,-0.36219,0.3693
0.3864,-0.62104,-0.62958,-0.57942,-0.68289,-0.31734,0.38109
0.40027,-0.62189,-0.62507,-0.58063,-0.68601,-0.28615,0.39147
0.41265,-0.62225,-0.61813,-0.58217,-0.68923,-0.26598,0.40045
0.42323,-0.62214,-0.60953,-0.58402,-0.69171,-0.25166,0.40806
0.43169,-0.62156,-0.60003,-0.58617,-0.69263,-0.23804,0.41429
0.43778,-0.62054,-0.59042,-0.58862,-0.69116,-0.21995,0.41923
0.44169,-0.6191,-0.58145,-0.59136,-0.68649,-0.19253,0.423
0.44375,-0.61728,-0.57356,-0.59433,-0.6778,-0.15656,0.42577
0.4443,-0.61512,-0.56668,-0.59745,-0.66424,-0.11791,0.4277
0.44367,-0.61266,-0.56078,-0.60064,-0.64497,-0.082584,0.42896
0.44222,-0.60994,-0.55577,-0.60381,-0.61908,-0.05343,0.4297
0.44029,-0.60698,-0.55159,-0.60688,-0.58635,-0.028715,0.43009
0.4382,-0.60383,-0.54817,-0.60975,-0.55063,-0.0063376,0.43027
0.43631,-0.60052,-0.54544,-0.61235,-0.51742,0.015799,0.43032
0.43479,-0.5971,-0.54333,-0.61459,-0.49258,0.039345,0.43035
0.4336,-0.59364,-0.54175,-0.61638,-0.47846,0.065037,0.43044
0.43269,-0.59023,-0.54063,-0.6176,-0.46634,0.093495,0.43068
0.43202,-0.58696,-0.53988,-0.61813,-0.44543,0.12534,0.43116
0.43152,-0.58391,-0.53944,-0.61783,-0.40772,0.16002,0.43196
0.43115,-0.58119,-0.53921,-0.61658,-0.36548,0.19455,0.43318
0.43085,-0.57886,-0.53915,-0.61424,-0.33691,0.2256,0.43472
0.43062,-0.577,-0.53928,-0.61069,-0.319,0.25086,0.43643
0.43044,-0.57547,-0.53964,-0.60562,-0.30013,0.27238,0.43814
0.43034,-0.5741,-0.54026,-0.59774,-0.27646,0.29336,0.43969
0.43029,-0.5727,-0.54118,-0.58545,-0.24866,0.317,0.44091
0.43032,-0.57107,-0.54244,-0.56713,-0.21742,0.34646,0.44164
0.43041,-0.56904,-0.54407,-0.54117,-0.18357,0.38192,0.44172
0.43057,-0.56643,-0.54602,-0.50707,-0.14882,0.4184,0.44112
0.4308,-0.56303,-0.54812,-0.46966,-0.11532,0.45043,0.44
0.43108,-0.55872,-0.55019,-0.43534,-0.085187,0.47321,0.43851
0.43137,-0.55357,-0.55207,-0.40847,-0.058869,0.48671,0.43681
0.43165,-0.54778,-0.55356,-0.38685,-0.034888,0.49281,0.43507
0.4319,-0.54153,-0.55451,-0.36698,-0.011662,0.49341,0.43344
0.43209,-0.53501,-0.55459,-0.34532,0.012394,0.4904,0.43208
0.43219,-0.5284,-0.55332,-0.31864,0.038337,0.48568,0.4311
0.43218,-0.52189,-0.55023,-0.28738,0.065885,0.48115,0.43051
0.43208,-0.51567,-0.54481,-0.25457,0.094546,0.47842,0.43027
0.43196,-0.50992,-0.53658,-0.22331,0.12383,0.47764,0.43038
0.4319,-0.50482,-0.52504,-0.19585,0.1532,0.47849,0.43081
0.43198,-0.50057,-0.50968,-0.17146,0.182,0.48063,0.43154
0.43228,-0.49735,-0.48962,-0.14876,0.20952,0.48375,0.43256
0.43285,-0.49534,-0.46388,-0.12637,0.23508,0.4875,0.43385
0.4338,-0.49474,-0.43326,-0.10292,0.25827,0.49156,0.43539
0.43518,-0.49572,-0.40182,-0.077007,0.28143,0.4956,0.43716
0.43707,-0.49847,-0.37395,-0.047266,0.30777,0.49929,0.43914
0.43955,-0.50318,-0.35405,-0.012313,0.33435,0.50231,0.44131
