,,,Cl,,,,Alpha
-0.60107,-0.46523,-0.1442,0.013163,0.16186,0.49578,0.59626,-180
-0.60286,-0.43089,-0.11329,0.026578,0.18898,0.52046,0.60026,-179.5
-0.60404,-0.39511,-0.079191,0.047882,0.22605,0.54403,0.60558,-179
-0.60402,-0.35831,-0.043119,0.075962,0.26754,0.56621,0.61212,-178.5
-0.60221,-0.32092,-0.0062955,0.10971,0.30805,0.58673,0.61975,-178
-0.598,-0.28337,0.030074,0.14801,0.34497,0.60529,0.62836,-177.5
-0.5908,-0.24609,0.065796,0.18977,0.37881,0.62161,0.63784,-177
-0.58001,-0.2095,0.10235,0.23385,0.4102,0.63541,0.64808,-176.5
-0.56504,-0.17404,0.14136,0.27916,0.4398,0.64641,0.65894,-176
-0.54529,-0.13853,0.18352,0.32455,0.4686,0.65461,0.67033,-175.5
-0.52015,-0.097916,0.2269,0.36825,0.49829,0.66049,0.68213,-175
-0.48904,-0.050974,0.26592,0.4081,0.53066,0.66458,0.69421,-174.5
-0.45206,-0.0043592,0.29663,0.44192,0.56744,0.6674,0.70647,-174
-0.41256,0.03598,0.32747,0.46843,0.60819,0.66948,0.7188,-173.5
-0.3742,0.071248,0.36764,0.49418,0.64842,0.67135,0.73108,-173
-0.33733,0.10478,0.41255,0.52958,0.68325,0.67353,0.74323,-172.5
-0.30132,0.13988,0.45393,0.58507,0.70841,0.67643,0.75514,-172
-0.26551,0.17823,0.49114,0.66357,0.72381,0.68021,0.76673,-171.5
-0.22899,0.21836,0.52949,0.73155,0.73116,0.68495,0.77789,-171
-0.18933,0.25845,0.56987,0.77254,0.73213,0.69077,0.78854,-170.5
-0.14449,0.2967,0.60439,0.79753,0.72844,0.69775,0.79871,-170
-0.096964,0.33227,0.63351,0.81387,0.72176,0.70601,0.8086,-169.5
-0.050724,0.36622,0.67515,0.82348,0.7138,0.71563,0.8184,-169
-0.0097455,0.39988,0.7291,0.82801,0.70625,0.72649,0.82833,-168.5
0.022108,0.43424,0.77815,0.82908,0.70081,0.73815,0.83859,-168
0.046054,0.4663,0.81388,0.82832,0.69876,0.7502,0.84936,-167.5
0.070431,0.49254,0.84091,0.82736,0.69994,0.76218,0.86071,-167
0.10411,0.52306,0.86478,0.82776,0.70388,0.77368,0.87244,-166.5
0.1533,0.57282,0.88793,0.82974,0.7101,0.78432,0.88436,-166
0.20861,0.65173,0.90757,0.83228,0.71812,0.79437,0.89625,-165.5
0.25505,0.70887,0.92109,0.83436,0.72746,0.80443,0.90791,-165
0.28553,0.73343,0.92899,0.83492,0.73765,0.8151,0.91913,-164.5
0.30951,0.77649,0.93251,0.83303,0.74826,0.82698,0.92979,-164
0.33849,0.83466,0.93294,0.82898,0.75909,0.84022,0.93987,-163.5
0.38153,0.87322,0.93152,0.82378,0.76999,0.85382,0.94936,-163
0.43195,0.90027,0.9292,0.81841,0.78084,0.8666,0.95825,-162.5
0.47721,0.92379,0.92619,0.81317,0.79147,0.87737,0.96653,-162
0.51252,0.94464,0.92259,0.80768,0.8018,0.88575,0.97419,-161.5
0.54171,0.96315,0.91849,0.80154,0.81192,0.89263,0.98124,-161
0.56908,0.97919,0.91398,0.79447,0.822,0.89903,0.98767,-160.5
0.59891,0.99259,0.90915,0.78719,0.83218,0.90597,0.99348,-160
0.6348,1.0033,0.90412,0.7809,0.84264,0.91446,0.99867,-159.5
0.67595,1.0111,0.89895,0.7768,0.85352,0.92552,1.0032,-159
0.72001,1.0161,0.89377,0.77608,0.86497,0.93955,1.0072,-158.5
0.76578,1.0182,0.88866,0.77981,0.87717,0.95533,1.0107,-158
0.81238,1.0174,0.88386,0.78774,0.89023,0.97141,1.0138,-157.5
0.85815,1.0141,0.87962,0.799,0.90399,0.98632,1.0166,-157
0.90124,1.0089,0.87622,0.81271,0.91799,0.99935,1.0193,-156.5
0.93984,1.0023,0.87393,0.82799,0.93174,1.0105,1.0219,-156
0.97323,0.99462,0.87301,0.84397,0.94481,1.0196,1.0246,-155.5
1.0016,0.98643,0.87371,0.85985,0.957,1.0269,1.0274,-155
1.0251,0.97817,0.87583,0.87524,0.9685,1.0322,1.0303,-154.5
1.044,0.9702,0.87892,0.8898,0.97948,1.0358,1.0331,-154
1.0588,0.96291,0.88249,0.90325,0.99014,1.0379,1.0356,-153.5
1.0701,0.95665,0.88607,0.9153,1.0006,1.0389,1.0377,-153
1.0782,0.9518,0.88917,0.92609,1.0112,1.0392,1.0391,-152.5
1.0838,0.94867,0.89181,0.93597,1.0219,1.0393,1.0398,-152
1.0873,0.94713,0.8949,0.94528,1.0324,1.0395,1.0396,-151.5
1.089,0.94677,0.89949,0.95436,1.0426,1.0401,1.0382,-151
1.0891,0.94724,0.9066,0.96355,1.0519,1.0412,1.0359,-150.5
1.0877,0.94813,0.9171,0.97319,1.06,1.0426,1.0329,-150
1.085,0.94907,0.93043,0.98362,1.0666,1.0442,1.0294,-149.5
1.0812,0.94968,0.94519,0.99484,1.0713,1.0455,1.0255,-149
1.0764,0.94965,0.95999,1.0064,1.0742,1.0465,1.0216,-148.5
1.0709,0.94928,0.97345,1.0178,1.0758,1.047,1.0178,-148
1.0648,0.94909,0.98456,1.0286,1.0761,1.0466,1.0143,-147.5
1.0583,0.94962,0.99381,1.0383,1.0757,1.0454,1.0112,-147
1.0515,0.9514,1.002,1.0465,1.0748,1.0436,1.0087,-146.5
1.0447,0.95496,1.0099,1.0535,1.0737,1.0413,1.0067,-146
1.038,0.96065,1.0183,1.0596,1.0728,1.0387,1.0048,-145.5
1.0315,0.96807,1.0272,1.065,1.0723,1.0359,1.0019,-145
1.0254,0.97669,1.0362,1.07,1.0721,1.033,0.99705,-144.5
1.0199,0.98594,1.045,1.0748,1.0721,1.0303,0.98939,-144
1.0152,0.9953,1.0533,1.0791,1.0721,1.0279,0.97983,-143.5
1.0114,1.0042,1.0607,1.0829,1.0718,1.0259,0.97061,-143
1.0086,1.0122,1.067,1.086,1.0711,1.0242,0.96396,-142.5
1.0071,1.0197,1.0719,1.0882,1.0697,1.0227,0.96035,-142
1.0068,1.0268,1.0759,1.0896,1.0675,1.0212,0.95815,-141.5
1.0077,1.034,1.079,1.0902,1.0645,1.0197,0.95559,-141
1.0097,1.0416,1.0817,1.0901,1.0609,1.0178,0.95093,-140.5
1.0126,1.0498,1.0842,1.0895,1.057,1.0154,0.94301,-140
1.0163,1.0586,1.0867,1.0884,1.0528,1.0125,0.9327,-139.5
1.0208,1.0674,1.0895,1.0869,1.0487,1.0089,0.92134,-139
1.026,1.0761,1.0928,1.0852,1.0449,1.0046,0.91026,-138.5
1.0317,1.0842,1.0962,1.0833,1.0415,0.99963,0.90074,-138
1.0378,1.0915,1.0994,1.0815,1.0385,0.99414,0.89303,-137.5
1.0443,1.0981,1.1023,1.0797,1.0358,0.98817,0.88637,-137
1.0511,1.104,1.1046,1.0782,1.0333,0.9818,0.88,-136.5
1.0582,1.1093,1.106,1.0769,1.0309,0.97509,0.87312,-136
1.0654,1.114,1.1068,1.0761,1.0285,0.96811,0.86496,-135.5
1.0729,1.1181,1.107,1.0759,1.026,0.96093,0.85474,-135
1.0806,1.1217,1.1068,1.0763,1.0232,0.9535,0.84168,-134.5
1.0883,1.1248,1.1062,1.0773,1.0201,0.9457,0.82649,-134
1.0962,1.1274,1.1054,1.0784,1.0165,0.93743,0.81267,-133.5
1.1039,1.1294,1.1043,1.079,1.0124,0.92856,0.80362,-133
1.1113,1.1309,1.103,1.0787,1.0076,0.91899,0.79818,-132.5
1.1183,1.1318,1.1015,1.077,1.0022,0.90859,0.79254,-132
1.1246,1.1321,1.0998,1.0734,0.99591,0.89739,0.78282,-131.5
1.13,1.132,1.0978,1.0673,0.98877,0.88568,0.76568,-131
1.1344,1.1314,1.0957,1.0591,0.98065,0.87376,0.74409,-130.5
1.1378,1.1303,1.0933,1.0496,0.97148,0.86195,0.72504,-130
1.1404,1.129,1.0908,1.0398,0.9613,0.85057,0.71105,-129.5
1.1424,1.1273,1.088,1.0308,0.95055,0.83992,0.70035,-129
1.1439,1.1254,1.085,1.0236,0.93973,0.83031,0.69099,-128.5
1.1451,1.1232,1.0819,1.0185,0.92936,0.8217,0.68104,-128
1.1462,1.121,1.0785,1.0145,0.91995,0.81372,0.66935,-127.5
1.1471,1.1186,1.0749,1.011,0.91179,0.80597,0.65658,-127
1.1479,1.1162,1.071,1.0072,0.90439,0.79804,0.64364,-126.5
1.1485,1.1137,1.067,1.0022,0.89709,0.78956,0.63141,-126
1.1489,1.111,1.0627,0.9953,0.88922,0.78012,0.62022,-125.5
1.1491,1.1083,1.0582,0.98627,0.88012,0.76932,0.60916,-125
1.1491,1.1053,1.0533,0.97561,0.8695,0.75696,0.59716,-124.5
1.1489,1.1022,1.048,0.96379,0.85764,0.74321,0.58329,-124
1.1485,1.0989,1.0423,0.95128,0.8449,0.7283,0.56786,-123.5
1.1477,1.0955,1.036,0.93856,0.83164,0.71246,0.55186,-123
1.1467,1.0917,1.0291,0.92612,0.81821,0.69592,0.53627,-122.5
1.1454,1.0878,1.0217,0.91443,0.80497,0.67891,0.52202,-122
1.1438,1.0835,1.0135,0.9036,0.79227,0.66182,0.50911,-121.5
1.1418,1.079,1.0049,0.89334,0.78034,0.64522,0.49673,-121
1.1395,1.0742,0.9957,0.88332,0.76893,0.62964,0.48404,-120.5
1.1368,1.069,0.98608,0.87322,0.75772,0.61563,0.47022,-120
1.1338,1.0634,0.97607,0.8627,0.74641,0.60316,0.45475,-119.5
1.1303,1.0575,0.96573,0.85145,0.73467,0.59169,0.43832,-119
1.1265,1.0511,0.95512,0.83913,0.72219,0.58066,0.42188,-118.5
1.1224,1.0441,0.9443,0.82563,0.70864,0.56952,0.40638,-118
1.118,1.0366,0.93331,0.81139,0.69377,0.55772,0.39226,-117.5
1.1132,1.0285,0.92215,0.79697,0.67789,0.54472,0.37881,-117
1.1083,1.0197,0.91081,0.78294,0.66171,0.53044,0.36518,-116.5
1.103,1.0102,0.8993,0.76985,0.64588,0.51506,0.35062,-116
1.0976,1.0002,0.8876,0.75821,0.6307,0.49876,0.33516,-115.5
1.0919,0.98979,0.87572,0.74784,0.61631,0.48173,0.31913,-115
1.086,0.97903,0.86364,0.73812,0.60283,0.46417,0.30284,-114.5
1.0798,0.96805,0.85139,0.72843,0.59038,0.44626,0.28661,-114
1.0734,0.95696,0.839,0.71814,0.57907,0.4284,0.27064,-113.5
1.0666,0.94586,0.82655,0.70663,0.56855,0.41125,0.25493,-113
1.0595,0.93484,0.81409,0.69357,0.55791,0.39549,0.23947,-112.5
1.052,0.92388,0.80168,0.6792,0.54622,0.38178,0.22425,-112
1.0442,0.91293,0.78939,0.66383,0.53253,0.37074,0.20935,-111.5
1.0359,0.90193,0.77727,0.64778,0.51591,0.3619,0.1949,-111
1.0273,0.89084,0.76535,0.63135,0.49542,0.3538,0.18106,-110.5
1.0182,0.87961,0.75344,0.61487,0.471,0.34496,0.16798,-110
1.0087,0.86817,0.74122,0.59861,0.44788,0.33388,0.15554,-109.5
0.99866,0.85648,0.72839,0.58265,0.43146,0.31909,0.14323,-109
0.98816,0.84448,0.71463,0.56694,0.42007,0.3002,0.13047,-108.5
0.97713,0.83209,0.69975,0.55141,0.41037,0.27878,0.11672,-108
0.96562,0.81925,0.684,0.536,0.39902,0.25659,0.10169,-107.5
0.95371,0.8059,0.66774,0.52065,0.38391,0.23537,0.085889,-107
0.94149,0.79198,0.65131,0.5053,0.36624,0.21683,0.069927,-106.5
0.92905,0.77744,0.63507,0.4899,0.34776,0.20129,0.054428,-106
0.9165,0.76242,0.61929,0.4745,0.33022,0.18778,0.039675,-105.5
0.90392,0.74717,0.60393,0.45923,0.31488,0.17526,0.025322,-105
0.89142,0.73195,0.5889,0.4442,0.30127,0.1627,0.010955,-104.5
0.87908,0.71703,0.57412,0.42954,0.28858,0.1494,-0.0038397,-104
0.86696,0.70266,0.5595,0.4153,0.27601,0.13549,-0.019191,-103.5
0.85494,0.68894,0.54494,0.40127,0.26274,0.12122,-0.034698,-103
0.84285,0.67542,0.53037,0.38715,0.24801,0.10683,-0.049902,-102.5
0.83052,0.66157,0.51569,0.37263,0.23177,0.09257,-0.064346,-102
0.81778,0.64688,0.50086,0.35743,0.21487,0.078693,-0.077945,-101.5
0.80447,0.63087,0.48582,0.34143,0.19822,0.065433,-0.091345,-101
0.79041,0.61367,0.47054,0.32484,0.18271,0.052722,-0.10528,-100.5
0.77554,0.5959,0.45498,0.30789,0.16851,0.040212,-0.12047,-100
0.76003,0.57818,0.43911,0.29084,0.1549,0.027543,-0.13723,-99.5
0.7441,0.56115,0.42293,0.2739,0.1411,0.014354,-0.15442,-99
0.72797,0.54537,0.40643,0.25734,0.12646,0.00028517,-0.1706,-98.5
0.71188,0.53078,0.38959,0.24136,0.11104,-0.015024,-0.18439,-98
0.69603,0.51679,0.37247,0.22595,0.09522,-0.031883,-0.1958,-97.5
0.68066,0.50281,0.35528,0.21089,0.079349,-0.049803,-0.20639,-97
0.66592,0.48823,0.33825,0.19596,0.063613,-0.067655,-0.21784,-96.5
0.65171,0.47258,0.3216,0.18093,0.048138,-0.084293,-0.23179,-96
0.6378,0.45602,0.30556,0.16563,0.033052,-0.098604,-0.24927,-95.5
0.62398,0.43892,0.2903,0.1501,0.018482,-0.11054,-0.26863,-95
0.61004,0.42164,0.27564,0.13446,0.0045527,-0.12128,-0.28759,-94.5
0.59577,0.40456,0.26124,0.11883,-0.0086074,-0.13208,-0.3039,-94
0.58095,0.38799,0.24672,0.10332,-0.02092,-0.14418,-0.31688,-93.5
0.56537,0.3719,0.23174,0.08799,-0.03269,-0.15881,-0.32808,-93
0.54884,0.35615,0.21608,0.072756,-0.044412,-0.17629,-0.33922,-92.5
0.53147,0.34059,0.19991,0.057535,-0.05658,-0.19569,-0.35203,-92
0.5135,0.32509,0.1834,0.042245,-0.069687,-0.21598,-0.36773,-91.5
0.49516,0.3095,0.16675,0.026801,-0.084227,-0.23613,-0.38523,-91
0.47671,0.29368,0.15015,0.011118,-0.1007,-0.25512,-0.40283,-90.5
0.45837,0.27749,0.13372,-0.0048866,-0.11956,-0.27224,-0.41881,-90
0.44029,0.26083,0.11758,-0.0212,-0.14056,-0.28767,-0.43224,-89.5
0.42252,0.24389,0.1018,-0.037585,-0.16254,-0.30176,-0.44413,-89
0.40508,0.227,0.08649,-0.053771,-0.18432,-0.31483,-0.45576,-88.5
0.388,0.21046,0.071685,-0.069486,-0.20513,-0.32722,-0.46843,-88
0.37131,0.19456,0.057246,-0.084474,-0.2246,-0.33925,-0.48325,-87.5
0.35503,0.17915,0.042976,-0.098792,-0.24239,-0.35122,-0.49978,-87
0.33916,0.16382,0.028679,-0.11282,-0.25815,-0.36344,-0.51678,-86.5
0.32363,0.14816,0.014159,-0.12694,-0.27153,-0.37621,-0.53304,-86
0.30837,0.13174,-0.00077966,-0.14155,-0.28248,-0.38984,-0.54781,-85.5
0.29329,0.11438,-0.016267,-0.15685,-0.29209,-0.40459,-0.56165,-85
0.27831,0.096507,-0.032257,-0.1727,-0.30178,-0.42041,-0.57533,-84.5
0.26336,0.078644,-0.048673,-0.18888,-0.31294,-0.43713,-0.5896,-84
0.24835,0.061315,-0.06544,-0.20519,-0.32692,-0.45457,-0.60518,-83.5
0.2332,0.045047,-0.082484,-0.22144,-0.34372,-0.47255,-0.62174,-83
0.21783,0.030303,-0.099728,-0.23741,-0.36212,-0.49089,-0.63802,-82.5
0.20217,0.016785,-0.1171,-0.25292,-0.38083,-0.50937,-0.65274,-82
0.18614,0.0036656,-0.13451,-0.26794,-0.39877,-0.52747,-0.66526,-81.5
0.16977,-0.0098937,-0.15186,-0.28267,-0.41574,-0.54453,-0.67634,-81
0.15312,-0.024724,-0.16908,-0.2973,-0.43175,-0.55988,-0.68694,-80.5
0.13625,-0.041149,-0.18606,-0.31203,-0.44681,-0.5729,-0.69803,-80
0.11921,-0.05862,-0.20272,-0.32706,-0.46093,-0.5838,-0.71051,-79.5
0.10207,-0.076504,-0.21896,-0.34254,-0.47417,-0.59346,-0.72441,-79
0.084878,-0.094169,-0.23476,-0.35862,-0.48691,-0.60274,-0.73882,-78.5
0.067696,-0.11105,-0.2501,-0.37543,-0.49972,-0.61252,-0.75283,-78
0.05058,-0.12715,-0.26499,-0.39312,-0.51316,-0.62369,-0.76571,-77.5
0.033591,-0.14281,-0.27946,-0.41144,-0.52772,-0.63709,-0.77757,-77
0.016783,-0.15834,-0.29363,-0.42973,-0.54334,-0.6528,-0.78878,-76.5
0.00019987,-0.17405,-0.30767,-0.44733,-0.55972,-0.67012,-0.79968,-76
-0.016126,-0.19005,-0.32173,-0.46356,-0.57656,-0.68827,-0.81063,-75.5
-0.032161,-0.20627,-0.33596,-0.47774,-0.59354,-0.7065,-0.82197,-75
-0.047872,-0.22265,-0.35053,-0.48935,-0.61036,-0.72405,-0.83366,-74.5
-0.063224,-0.23912,-0.36557,-0.49913,-0.62672,-0.74021,-0.84528,-74
-0.078251,-0.2556,-0.38121,-0.50861,-0.64233,-0.75483,-0.85637,-73.5
-0.093177,-0.27203,-0.39727,-0.51933,-0.65721,-0.76806,-0.86657,-73
-0.10826,-0.28829,-0.41353,-0.53278,-0.67149,-0.78007,-0.87611,-72.5
-0.12376,-0.30431,-0.42977,-0.54944,-0.68533,-0.79103,-0.88541,-72
-0.13994,-0.32,-0.44581,-0.56832,-0.69886,-0.80112,-0.89491,-71.5
-0.15705,-0.33545,-0.46188,-0.58828,-0.71223,-0.81061,-0.90504,-71
-0.17524,-0.35106,-0.47832,-0.60821,-0.72559,-0.81975,-0.91592,-70.5
-0.19417,-0.36723,-0.4955,-0.62699,-0.73895,-0.82881,-0.92684,-70
-0.21334,-0.38437,-0.51373,-0.64404,-0.75203,-0.83805,-0.93699,-69.5
-0.23228,-0.40248,-0.53273,-0.65962,-0.76448,-0.84773,-0.9456,-69
-0.25059,-0.42097,-0.55174,-0.67402,-0.77604,-0.85808,-0.9525,-68.5
-0.26825,-0.43918,-0.56997,-0.68757,-0.78689,-0.86901,-0.9581,-68
-0.28537,-0.45646,-0.58664,-0.70058,-0.79728,-0.88024,-0.96281,-67.5
-0.30202,-0.47215,-0.60098,-0.71327,-0.8075,-0.89147,-0.96704,-67
-0.31831,-0.48581,-0.61255,-0.7258,-0.8178,-0.9024,-0.97122,-66.5
-0.33431,-0.49826,-0.62242,-0.73833,-0.82847,-0.91275,-0.97561,-66
-0.35011,-0.5108,-0.63206,-0.75103,-0.83973,-0.92223,-0.98018,-65.5
-0.36582,-0.52473,-0.64295,-0.76402,-0.8516,-0.93057,-0.98489,-65
-0.38149,-0.54102,-0.65652,-0.77725,-0.86396,-0.9379,-0.98972,-64.5
-0.39716,-0.55913,-0.67298,-0.79063,-0.87666,-0.94458,-0.99462,-64
-0.41281,-0.5781,-0.6914,-0.80405,-0.88958,-0.95096,-0.99955,-63.5
-0.42844,-0.59696,-0.71077,-0.81741,-0.9024,-0.95742,-1.0045,-63
-0.44405,-0.61476,-0.73011,-0.83062,-0.91463,-0.96432,-1.0093,-62.5
-0.45965,-0.63075,-0.74843,-0.84358,-0.92576,-0.972,-1.0141,-62
-0.47522,-0.64527,-0.7651,-0.8562,-0.93557,-0.98065,-1.0186,-61.5
-0.49078,-0.65902,-0.78024,-0.86846,-0.94434,-0.9899,-1.0228,-61
-0.50638,-0.67266,-0.79403,-0.88035,-0.95238,-0.99929,-1.0266,-60.5
-0.52206,-0.6869,-0.80665,-0.89188,-0.96003,-1.0084,-1.03,-60
-0.53789,-0.70211,-0.81827,-0.90304,-0.9676,-1.0167,-1.0327,-59.5
-0.55391,-0.71802,-0.8291,-0.91382,-0.97542,-1.0238,-1.0349,-59
-0.57017,-0.73424,-0.83941,-0.92423,-0.9838,-1.03,-1.0364,-58.5
-0.58668,-0.7504,-0.8495,-0.93427,-0.99271,-1.0356,-1.0373,-58
-0.60338,-0.76611,-0.85968,-0.94396,-1.0019,-1.0409,-1.0379,-57.5
-0.62023,-0.78114,-0.87025,-0.95336,-1.0111,-1.0463,-1.0381,-57
-0.63718,-0.79555,-0.88148,-0.96252,-1.02,-1.0521,-1.0381,-56.5
-0.65418,-0.80943,-0.89334,-0.97151,-1.0283,-1.0585,-1.0381,-56
-0.67119,-0.82288,-0.90558,-0.98037,-1.0359,-1.0652,-1.038,-55.5
-0.68816,-0.83601,-0.91798,-0.98917,-1.0424,-1.0718,-1.038,-55
-0.70505,-0.8489,-0.93029,-0.99797,-1.048,-1.0776,-1.038,-54.5
-0.72179,-0.86162,-0.94229,-1.0068,-1.0527,-1.0823,-1.0379,-54
-0.73836,-0.87415,-0.95373,-1.0155,-1.0567,-1.0854,-1.0378,-53.5
-0.75469,-0.88646,-0.96438,-1.0242,-1.06,-1.0864,-1.0375,-53
-0.77072,-0.8985,-0.97408,-1.0327,-1.0628,-1.0855,-1.0369,-52.5
-0.78642,-0.91024,-0.98284,-1.041,-1.0652,-1.0832,-1.0361,-52
-0.80171,-0.92164,-0.9907,-1.0491,-1.0673,-1.0797,-1.0349,-51.5
-0.81655,-0.93279,-0.99769,-1.0568,-1.0693,-1.0755,-1.0333,-51
-0.83089,-0.94383,-1.0039,-1.064,-1.0711,-1.0711,-1.0311,-50.5
-0.84476,-0.95493,-1.0092,-1.0709,-1.073,-1.0668,-1.0284,-50
-0.85825,-0.96624,-1.0139,-1.0772,-1.075,-1.063,-1.0251,-49.5
-0.8714,-0.97782,-1.0178,-1.0829,-1.077,-1.0602,-1.021,-49
-0.88428,-0.98947,-1.0213,-1.0879,-1.0789,-1.0582,-1.0161,-48.5
-0.89697,-1.001,-1.0243,-1.0923,-1.0807,-1.057,-1.0103,-48
-0.90953,-1.012,-1.027,-1.0959,-1.0823,-1.0562,-1.0036,-47.5
-0.92201,-1.0225,-1.0296,-1.0988,-1.0837,-1.0555,-0.99613,-47
-0.93445,-1.0321,-1.0321,-1.1011,-1.0847,-1.0547,-0.9879,-46.5
-0.94681,-1.0411,-1.0347,-1.1028,-1.0853,-1.0535,-0.97897,-46
-0.95904,-1.05,-1.0374,-1.1042,-1.0854,-1.0517,-0.9694,-45.5
-0.9711,-1.059,-1.0404,-1.1053,-1.0851,-1.049,-0.95925,-45
-0.98297,-1.0686,-1.0436,-1.1062,-1.0843,-1.0455,-0.94857,-44.5
-0.99461,-1.0787,-1.0471,-1.1071,-1.083,-1.0414,-0.93745,-44
-1.006,-1.0891,-1.051,-1.1079,-1.081,-1.0366,-0.926,-43.5
-1.017,-1.0992,-1.0553,-1.1087,-1.0784,-1.0312,-0.91437,-43
-1.0277,-1.1086,-1.0601,-1.1094,-1.0751,-1.0255,-0.90269,-42.5
-1.038,-1.117,-1.0654,-1.1101,-1.0712,-1.0193,-0.89109,-42
-1.0479,-1.1244,-1.0712,-1.1107,-1.0666,-1.013,-0.8797,-41.5
-1.0573,-1.1309,-1.0778,-1.1113,-1.0616,-1.0063,-0.86865,-41
-1.0662,-1.1364,-1.0852,-1.1118,-1.0564,-0.99917,-0.85787,-40.5
-1.0746,-1.141,-1.0936,-1.1123,-1.0511,-0.99145,-0.84725,-40
-1.0825,-1.1448,-1.103,-1.1125,-1.046,-0.98298,-0.83664,-39.5
-1.0897,-1.1478,-1.1127,-1.1125,-1.0412,-0.97359,-0.8259,-39
-1.0964,-1.1501,-1.1216,-1.1122,-1.037,-0.96314,-0.81491,-38.5
-1.1024,-1.1518,-1.1285,-1.1114,-1.0335,-0.95159,-0.80352,-38
-1.1078,-1.153,-1.1328,-1.1101,-1.0309,-0.93932,-0.7918,-37.5
-1.1127,-1.1539,-1.1349,-1.1083,-1.0285,-0.92681,-0.77995,-37
-1.1171,-1.1544,-1.1353,-1.1057,-1.0256,-0.9145,-0.76818,-36.5
-1.1212,-1.1549,-1.1345,-1.1024,-1.0216,-0.90288,-0.75673,-36
-1.125,-1.1552,-1.133,-1.0984,-1.0156,-0.89235,-0.7458,-35.5
-1.1286,-1.1556,-1.1313,-1.0934,-1.0069,-0.88283,-0.73562,-35
-1.132,-1.156,-1.1298,-1.0875,-0.99471,-0.87386,-0.72636,-34.5
-1.1353,-1.1565,-1.1288,-1.0806,-0.97884,-0.865,-0.71805,-34
-1.1386,-1.1572,-1.1283,-1.0725,-0.96089,-0.8558,-0.71065,-33.5
-1.1419,-1.158,-1.1281,-1.0633,-0.94294,-0.8458,-0.70411,-33
-1.1454,-1.1591,-1.1282,-1.0532,-0.92707,-0.83456,-0.69839,-32.5
-1.1492,-1.1604,-1.1284,-1.0426,-0.9149,-0.82201,-0.69344,-32
-1.1533,-1.162,-1.1286,-1.0318,-0.9062,-0.80919,-0.68924,-31.5
-1.1578,-1.164,-1.1288,-1.0213,-0.90026,-0.7973,-0.68573,-31
-1.1628,-1.1663,-1.1288,-1.0116,-0.89637,-0.78756,-0.68284,-30.5
-1.1683,-1.1691,-1.1287,-1.0031,-0.89383,-0.78117,-0.68046,-30
-1.1744,-1.1723,-1.1285,-0.99607,-0.89191,-0.77934,-0.67843,-29.5
-1.1809,-1.176,-1.1283,-0.99067,-0.88995,-0.78329,-0.67663,-29
-1.1878,-1.1802,-1.1281,-0.98682,-0.88764,-0.79395,-0.67491,-28.5
-1.1948,-1.1849,-1.128,-0.98445,-0.88507,-0.8091,-0.67313,-28
-1.2018,-1.1902,-1.1281,-0.98349,-0.88231,-0.82443,-0.67115,-27.5
-1.2088,-1.196,-1.1285,-0.98388,-0.87944,-0.83564,-0.66886,-27
-1.2156,-1.2024,-1.1291,-0.98555,-0.87654,-0.83837,-0.6663,-26.5
-1.2222,-1.2091,-1.1302,-0.98843,-0.87368,-0.82832,-0.66364,-26
-1.229,-1.2161,-1.1319,-0.99236,-0.87094,-0.80115,-0.66103,-25.5
-1.2361,-1.2235,-1.1347,-0.99708,-0.86843,-0.75254,-0.65864,-25
-1.2439,-1.231,-1.1386,-1.0023,-0.86649,-0.68373,-0.65662,-24.5
-1.2525,-1.2387,-1.1439,-1.0078,-0.8657,-0.60936,-0.65515,-24
-1.2622,-1.2466,-1.151,-1.0133,-0.8666,-0.54603,-0.65438,-23.5
-1.2731,-1.2553,-1.1599,-1.0186,-0.86978,-0.51037,-0.65389,-23
-1.2851,-1.2651,-1.1709,-1.0234,-0.8758,-0.519,-0.65209,-22.5
-1.2984,-1.2765,-1.1836,-1.0301,-0.88519,-0.58852,-0.64723,-22
-1.3127,-1.2901,-1.1979,-1.0441,-0.89799,-0.73556,-0.63757,-21.5
-1.3281,-1.3062,-1.2134,-1.0708,-0.91375,-0.96647,-0.62135,-21
-1.3447,-1.3242,-1.2299,-1.1144,-0.93181,-1.2143,-0.59695,-20.5
-1.3625,-1.3435,-1.2471,-1.162,-0.94943,-1.38,-0.5655,-20
-1.3814,-1.3632,-1.2649,-1.194,-0.96269,-1.3647,-0.53119,-19.5
-1.4016,-1.3827,-1.2843,-1.2109,-0.96988,-1.1125,-0.49813,-19
-1.423,-1.4018,-1.3065,-1.2176,-0.97097,-0.81901,-0.46626,-18.5
-1.4454,-1.4214,-1.3327,-1.2189,-0.96602,-0.71822,-0.4311,-18
-1.4686,-1.4422,-1.3622,-1.2196,-0.95633,-0.73114,-0.38801,-17.5
-1.4924,-1.4649,-1.3922,-1.2224,-0.94974,-0.7114,-0.33295,-17
-1.5163,-1.4891,-1.4204,-1.2262,-0.95611,-0.66548,-0.26508,-16.5
-1.5403,-1.5141,-1.4455,-1.2297,-0.97775,-0.62978,-0.18703,-16
-1.564,-1.5394,-1.4662,-1.2315,-0.99677,-0.6209,-0.12221,-15.5
-1.5871,-1.5643,-1.4815,-1.2303,-0.9919,-0.60864,-0.094623,-15
-1.6094,-1.5881,-1.4909,-1.2246,-0.9419,-0.55602,0.10679,-14.5
-1.6306,-1.6098,-1.4952,-1.2133,-0.84804,-0.44065,0.060509,-14
-1.6503,-1.6284,-1.4953,-1.1969,-0.81779,-0.34921,-0.07369,-13.5
-1.6683,-1.6431,-1.4923,-1.1786,-0.81515,-0.30524,1.0876,-13
-1.6842,-1.6528,-1.4869,-1.1617,-0.7468,-0.21759,0.55513,-12.5
-1.6977,-1.6575,-1.4802,-1.1497,-0.65123,0.012425,0.62617,-12
-1.7085,-1.658,-1.473,-1.1458,-0.64509,0.09594,0.74698,-11.5
-1.7163,-1.6554,-1.4658,-1.1529,-0.58495,-0.12236,0.77551,-11
-1.7208,-1.6503,-1.4586,-1.1605,-0.42025,0.10826,0.81873,-10.5
-1.7217,-1.6438,-1.4513,-1.1446,-0.41079,0.2417,0.86635,-10
-1.7195,-1.6367,-1.4439,-1.0806,-0.38942,0.19255,0.91162,-9.5
-1.7149,-1.6299,-1.4362,-0.97038,-0.29159,0.38813,0.95544,-9
-1.7087,-1.6239,-1.4283,-0.90599,-0.15687,0.47622,0.99929,-8.5
-1.7018,-1.6184,-1.42,-0.87137,-0.030902,0.50447,1.0434,-8
-1.6947,-1.6126,-1.4112,-0.8268,0.046724,0.56108,1.0851,-7.5
-1.6885,-1.6062,-1.4013,-0.76871,0.094451,0.63091,1.1218,-7
-1.6832,-1.5983,-1.3894,-0.71115,0.14473,0.69359,1.155,-6.5
-1.6785,-1.5886,-1.3749,-0.65689,0.19974,0.75363,1.1869,-6
-1.674,-1.5762,-1.3571,-0.60286,0.25117,0.81509,1.2218,-5.5
-1.6691,-1.5613,-1.3353,-0.54824,0.3018,0.87073,1.266,-5
-1.6633,-1.5452,-1.3074,-0.49349,0.35793,0.91918,1.3143,-4.5
-1.6563,-1.5299,-1.2709,-0.43962,0.41891,0.97666,1.3528,-4
-1.6474,-1.5172,-1.2238,-0.38742,0.47809,1.045,1.3799,-3.5
-1.6367,-1.5089,-1.1712,-0.33313,0.53334,1.0923,1.4006,-3
-1.6244,-1.5055,-1.1211,-0.27151,0.58579,1.12,1.4199,-2.5
-1.611,-1.4953,-1.0792,-0.20977,0.64227,1.1478,1.4396,-2
-1.5968,-1.4598,-1.0501,-0.15887,0.71274,1.1903,1.4593,-1.5
-1.582,-1.3931,-1.0232,-0.11763,0.78553,1.2365,1.4784,-1
-1.5669,-1.3323,-0.96767,-0.082048,0.83488,1.2726,1.4968,-0.5
-1.5516,-1.2961,-0.87316,-0.045261,0.8659,1.3001,1.5143,0
-1.5364,-1.274,-0.81589,0.001572,0.8909,1.3229,1.5312,0.5
-1.5214,-1.2543,-0.78125,0.059962,0.93242,1.3454,1.5475,1
-1.5066,-1.2168,-0.73527,0.11924,1.0159,1.3727,1.5633,1.5
-1.4911,-1.1307,-0.68321,0.17998,1.1071,1.4099,1.5785,2
-1.4727,-1.0722,-0.63728,0.24813,1.1474,1.4528,1.5931,2.5
-1.4489,-1.0432,-0.5849,0.31372,1.1621,1.4902,1.607,3
-1.4173,-0.99801,-0.50281,0.3621,1.1854,1.5185,1.6202,3.5
-1.3756,-0.9409,-0.42083,0.40416,1.2382,1.5395,1.6325,4
-1.3238,-0.9031,-0.37074,0.45578,1.2924,1.5549,1.6439,4.5
-1.2717,-0.87619,-0.33456,0.51622,1.3264,1.5661,1.6543,5
-1.2314,-0.8324,-0.29182,0.57319,1.3462,1.5744,1.6634,5.5
-1.2153,-0.76008,-0.2299,0.62525,1.3605,1.581,1.6713,6
-1.2329,-0.69334,-0.14519,0.67856,1.3747,1.5873,1.6777,6.5
-1.1146,-0.63496,-0.093838,0.73457,1.3891,1.5945,1.6829,7
-0.97034,-0.56346,-0.14807,0.79131,1.4033,1.6022,1.6871,7.5
-0.96472,-0.50253,-0.19464,0.84972,1.4172,1.6093,1.6904,8
-1.0066,-0.46189,0.010084,0.91178,1.4305,1.615,1.6932,8.5
-1.0056,-0.39172,0.26548,0.97044,1.443,1.6183,1.6956,9
-0.93084,-0.33432,0.29559,1.0163,1.4541,1.6205,1.6978,9.5
-0.8531,-0.27995,0.39086,1.0502,1.4631,1.623,1.7001,10
-0.80036,-0.17641,0.46431,1.076,1.4695,1.6274,1.7027,10.5
-0.75945,-0.03926,0.54582,1.0972,1.473,1.6349,1.7048,11
-0.71605,0.050998,0.5992,1.1151,1.4739,1.6439,1.7045,11.5
-0.65495,0.13967,0.63749,1.1308,1.4729,1.6523,1.6999,12
-0.55884,0.23088,0.68675,1.1452,1.4706,1.6579,1.6889,12.5
-0.38711,0.29896,0.74607,1.1591,1.4676,1.6585,1.6694,13
-0.24461,0.35868,0.79877,1.1731,1.4645,1.652,1.6409,13.5
-0.16805,0.41914,0.835,1.1865,1.4613,1.6362,1.6082,14
-0.056046,0.48353,0.85874,1.1986,1.4566,1.6095,1.5773,14.5
0.050733,0.54344,0.87561,1.2085,1.4492,1.5752,1.5516,15
0.10884,0.58896,0.89062,1.2155,1.4377,1.5398,1.5294,15.5
0.16005,0.62256,0.90483,1.2188,1.4207,1.509,1.5087,16
0.22996,0.65085,0.91758,1.2175,1.3973,1.4844,1.4872,16.5
0.29899,0.6773,0.92824,1.2115,1.3694,1.4655,1.4641,17
0.35811,0.70137,0.93616,1.2017,1.3401,1.4518,1.4403,17.5
0.42325,0.72229,0.94068,1.189,1.3126,1.4425,1.4173,18
0.47437,0.73926,0.94132,1.1741,1.2895,1.4352,1.3962,18.5
0.50142,0.75155,0.93845,1.158,1.2701,1.4275,1.3776,19
0.51717,0.75918,0.93279,1.1415,1.2533,1.4167,1.3612,19.5
0.53524,0.76294,0.92504,1.1232,1.2381,1.4004,1.3467,20
0.56901,0.76361,0.9159,1.1002,1.2232,1.3764,1.3339,20.5
0.61511,0.76198,0.90608,1.0727,1.2079,1.346,1.3223,21
0.65016,0.75886,0.89629,1.0441,1.1923,1.3126,1.3112,21.5
0.67173,0.75502,0.88716,1.0176,1.1772,1.2798,1.2997,22
0.68224,0.75127,0.87894,0.99665,1.1634,1.2511,1.287,22.5
0.68407,0.7482,0.87167,0.98231,1.1513,1.2291,1.2735,23
0.67964,0.74585,0.86541,0.97353,1.1417,1.2134,1.2603,23.5
0.67135,0.74423,0.86021,0.96911,1.1347,1.2028,1.2485,24
0.66159,0.74331,0.85613,0.96788,1.1297,1.1965,1.2393,24.5
0.65276,0.74308,0.85324,0.96866,1.1265,1.1934,1.2323,25
0.64691,0.74352,0.85157,0.97029,1.1244,1.1926,1.2265,25.5
0.64413,0.74463,0.85107,0.97165,1.123,1.1931,1.2206,26
0.64388,0.74638,0.85168,0.97248,1.122,1.1938,1.2137,26.5
0.64559,0.74878,0.8533,0.97301,1.121,1.1941,1.2048,27
0.64873,0.75184,0.85585,0.9735,1.1202,1.1938,1.1947,27.5
0.65275,0.75554,0.85926,0.97421,1.1195,1.193,1.1844,28
0.6571,0.75991,0.86343,0.9754,1.119,1.1918,1.175,28.5
0.66122,0.76493,0.86829,0.97732,1.1186,1.1901,1.1673,29
0.66462,0.77062,0.8738,0.98023,1.1182,1.1881,1.1613,29.5
0.66726,0.77697,0.87996,0.98429,1.1181,1.1857,1.1566,30
0.66948,0.78398,0.88678,0.98938,1.118,1.1829,1.1528,30.5
0.6716,0.7916,0.89428,0.9953,1.118,1.1799,1.1494,31
0.67397,0.79977,0.90247,1.0019,1.1181,1.1767,1.1462,31.5
0.67691,0.80844,0.91134,1.0089,1.1183,1.1733,1.1427,32
0.68075,0.81757,0.92091,1.0161,1.1186,1.1698,1.1392,32.5
0.68583,0.82709,0.93104,1.0235,1.119,1.1663,1.1355,33
0.69249,0.83695,0.94151,1.0306,1.1194,1.1629,1.1316,33.5
0.70104,0.8471,0.95214,1.0375,1.1198,1.1597,1.1277,34
0.71148,0.85746,0.96271,1.0439,1.1203,1.1567,1.1237,34.5
0.7234,0.86796,0.97302,1.0496,1.1208,1.1541,1.1196,35
0.73633,0.87853,0.98287,1.0544,1.1213,1.1519,1.1155,35.5
0.74982,0.88907,0.9921,1.0581,1.1218,1.1503,1.1115,36
0.76342,0.89953,1.0007,1.0607,1.1222,1.1493,1.1075,36.5
0.77667,0.90982,1.0088,1.0621,1.1226,1.1486,1.1037,37
0.78912,0.91989,1.0164,1.0626,1.1228,1.1481,1.1002,37.5
0.80032,0.92977,1.0235,1.0625,1.123,1.1474,1.0968,38
0.81015,0.93948,1.0302,1.0619,1.123,1.1461,1.0931,38.5
0.81897,0.94909,1.0366,1.0611,1.1229,1.1441,1.0883,39
0.82719,0.95863,1.0427,1.0604,1.1226,1.1409,1.0818,39.5
0.8352,0.96815,1.0484,1.0598,1.1221,1.1365,1.073,40
0.8434,0.97767,1.0538,1.0598,1.1214,1.1311,1.061,40.5
0.85219,0.98719,1.0588,1.0605,1.1204,1.1249,1.046,41
0.86198,0.99651,1.0634,1.0621,1.1192,1.1181,1.0302,41.5
0.8729,1.0054,1.0676,1.0647,1.1177,1.111,1.0167,42
0.88471,1.0137,1.0714,1.0681,1.1159,1.1038,1.0081,42.5
0.89713,1.0212,1.0747,1.072,1.1137,1.0968,1.0037,43
0.9099,1.0278,1.0776,1.0761,1.1111,1.0901,1.0008,43.5
0.92272,1.0335,1.08,1.0803,1.1081,1.0836,0.99689,44
0.93532,1.0384,1.082,1.0842,1.1045,1.0768,0.98922,44.5
0.94745,1.0426,1.0834,1.0876,1.1003,1.0694,0.97532,45
0.95898,1.0461,1.0843,1.0903,1.0953,1.0608,0.95628,45.5
0.96978,1.049,1.0847,1.092,1.0896,1.0508,0.93693,46
0.97973,1.0513,1.0846,1.0925,1.0831,1.0387,0.92227,46.5
0.98873,1.0532,1.0839,1.0915,1.0757,1.0248,0.9139,47
0.99665,1.0547,1.0829,1.0893,1.0676,1.0097,0.90836,47.5
1.0034,1.0558,1.0814,1.086,1.0588,0.99404,0.90177,48
1.0089,1.0567,1.0795,1.0819,1.0493,0.9786,0.89025,48.5
1.0134,1.0574,1.0774,1.0772,1.0393,0.96407,0.87046,49
1.0171,1.0579,1.0749,1.072,1.0289,0.95115,0.84608,49.5
1.0199,1.0584,1.0723,1.0665,1.018,0.94054,0.82536,50
1.0221,1.0586,1.0693,1.0611,1.0069,0.93236,0.81095,50.5
1.0238,1.0587,1.0662,1.0559,0.9956,0.92561,0.80028,51
1.0251,1.0586,1.0629,1.0506,0.98435,0.91915,0.79062,51.5
1.0262,1.0582,1.0594,1.0453,0.97334,0.91185,0.77922,52
1.0272,1.0576,1.0557,1.0397,0.96276,0.90266,0.76471,52.5
1.0282,1.0565,1.0519,1.0336,0.9528,0.89147,0.74847,53
1.0292,1.0552,1.0478,1.0269,0.94363,0.87874,0.73224,53.5
1.0301,1.0534,1.0435,1.0194,0.93546,0.86493,0.71774,54
1.0309,1.0512,1.039,1.0109,0.92811,0.85048,0.70539,54.5
1.0316,1.0486,1.0342,1.0014,0.92082,0.83582,0.69337,55
1.0321,1.0456,1.0291,0.99092,0.91281,0.82099,0.6797,55.5
1.0325,1.0422,1.0236,0.97971,0.90326,0.80596,0.6625,56
1.0327,1.0385,1.0177,0.96792,0.8914,0.79067,0.64218,56.5
1.0326,1.0345,1.0113,0.95572,0.8764,0.77508,0.62094,57
1.0323,1.0302,1.0045,0.94327,0.85802,0.75913,0.60107,57.5
1.0317,1.0256,0.99714,0.93074,0.83861,0.74282,0.58481,58
1.0308,1.0207,0.98922,0.91828,0.8214,0.72654,0.57243,58.5
1.0295,1.0156,0.98076,0.906,0.80846,0.7108,0.56134,59
1.0279,1.0102,0.9718,0.89398,0.79884,0.69612,0.54872,59.5
1.0259,1.0045,0.96241,0.88232,0.79105,0.68297,0.53182,60
1.0236,0.99853,0.95263,0.8711,0.78365,0.67107,0.51031,60.5
1.021,0.99219,0.94253,0.86043,0.77514,0.6597,0.48703,61
1.018,0.9855,0.93216,0.85038,0.76407,0.64816,0.46501,61.5
1.0147,0.97842,0.92157,0.8409,0.74953,0.6357,0.44695,62
1.011,0.97094,0.91084,0.83141,0.73305,0.62162,0.43261,62.5
1.0071,0.96307,0.89999,0.82127,0.71684,0.60521,0.42029,63
1.0027,0.95484,0.88904,0.80984,0.70304,0.58643,0.40829,63.5
0.99809,0.94626,0.878,0.79696,0.69181,0.56613,0.39488,64
0.99311,0.93736,0.86686,0.78298,0.68118,0.54518,0.37905,64.5
0.98779,0.92817,0.85563,0.76825,0.66907,0.52448,0.36165,65
0.98215,0.91871,0.84431,0.75314,0.65341,0.50492,0.34386,65.5
0.97617,0.90901,0.83291,0.73803,0.63219,0.48727,0.32688,66
0.96984,0.89908,0.82144,0.72328,0.60608,0.47146,0.31132,66.5
0.9631,0.88894,0.80987,0.70899,0.57921,0.45701,0.29651,67
0.95592,0.8786,0.79815,0.69496,0.5557,0.44341,0.28158,67.5
0.94827,0.86806,0.78623,0.68099,0.5366,0.43018,0.26581,68
0.94011,0.85733,0.77405,0.66686,0.52073,0.41696,0.24921,68.5
0.93143,0.84642,0.76153,0.65236,0.50687,0.40344,0.23208,69
0.92229,0.83533,0.74861,0.63727,0.4938,0.38935,0.21473,69.5
0.91275,0.82406,0.73524,0.62139,0.48029,0.37439,0.19745,70
0.9029,0.81263,0.7214,0.60475,0.46537,0.35829,0.18046,70.5
0.8928,0.80103,0.70721,0.58771,0.44925,0.34078,0.16367,71
0.88254,0.78928,0.69283,0.57063,0.43244,0.32203,0.14688,71.5
0.87217,0.77737,0.67841,0.55388,0.41544,0.30257,0.12988,72
0.86178,0.76532,0.66412,0.53781,0.39877,0.28288,0.11261,72.5
0.85141,0.75312,0.6501,0.5224,0.38295,0.26349,0.095238,73
0.84106,0.74079,0.63637,0.50747,0.36847,0.2449,0.077972,73.5
0.83071,0.7283,0.62278,0.4928,0.35585,0.2275,0.061012,74
0.82037,0.71559,0.60914,0.4782,0.34502,0.21126,0.044444,74.5
0.81003,0.70264,0.59529,0.46348,0.33484,0.19605,0.028025,75
0.79969,0.68939,0.58104,0.44858,0.32406,0.18178,0.011455,75.5
0.78933,0.67581,0.56633,0.43353,0.31144,0.1683,-0.0055562,76
0.77896,0.66186,0.5511,0.41835,0.29574,0.15532,-0.023033,76.5
0.76856,0.64759,0.53533,0.40305,0.27592,0.14233,-0.040641,77
0.75814,0.63304,0.51899,0.38768,0.25357,0.12878,-0.058026,77.5
0.74768,0.61827,0.50204,0.37224,0.23187,0.11414,-0.074833,78
0.73711,0.60332,0.48448,0.35676,0.214,0.097879,-0.090978,78.5
0.72634,0.58826,0.46665,0.34124,0.20123,0.079488,-0.10686,79
0.71523,0.57313,0.44915,0.32568,0.19175,0.059146,-0.12291,79.5
0.70367,0.55798,0.43255,0.31004,0.18352,0.03791,-0.13957,80
0.69156,0.54285,0.41745,0.29431,0.17447,0.016896,-0.15671,80.5
0.67878,0.52779,0.4044,0.27846,0.16302,-0.0027812,-0.17378,81
0.66522,0.51284,0.39304,0.26247,0.14872,-0.020079,-0.19019,81.5
0.65086,0.49806,0.38219,0.24633,0.13129,-0.034897,-0.20542,82
0.63584,0.48344,0.37064,0.23008,0.11044,-0.047802,-0.2196,82.5
0.62034,0.46888,0.35718,0.2139,0.086468,-0.059376,-0.23339,83
0.60451,0.45429,0.34126,0.19797,0.061559,-0.070202,-0.2474,83.5
0.58852,0.43955,0.32349,0.18248,0.038291,-0.080852,-0.2623,84
0.57254,0.42458,0.3046,0.1676,0.01914,-0.091836,-0.27855,84.5
0.55673,0.40938,0.2853,0.15324,0.0045642,-0.10364,-0.29581,85
0.54126,0.39395,0.26634,0.13913,-0.0068049,-0.11675,-0.31348,85.5
0.52628,0.37831,0.24841,0.12497,-0.016403,-0.13165,-0.33099,86
0.51193,0.36246,0.23176,0.11049,-0.025665,-0.14882,-0.34788,86.5
0.49808,0.3465,0.21632,0.095462,-0.036006,-0.16874,-0.36422,87
0.48456,0.33059,0.20199,0.07993,-0.048134,-0.19116,-0.38022,87.5
0.47118,0.31495,0.18868,0.063997,-0.061922,-0.2147,-0.39606,88
0.45776,0.29979,0.17627,0.047765,-0.077193,-0.23787,-0.41194,88.5
0.44411,0.2853,0.16437,0.031337,-0.09377,-0.25917,-0.42801,89
0.43004,0.27166,0.15233,0.014817,-0.11147,-0.27712,-0.44415,89.5
0.41538,0.25872,0.13951,-0.001691,-0.13013,-0.29088,-0.46012,90
0.40002,0.24599,0.12527,-0.018077,-0.14944,-0.30173,-0.47572,90.5
0.3841,0.23301,0.10913,-0.03421,-0.16886,-0.31136,-0.49082,91
0.36786,0.21929,0.091566,-0.04996,-0.18778,-0.32145,-0.50588,91.5
0.35153,0.20451,0.073426,-0.065194,-0.20565,-0.33346,-0.52152,92
0.33534,0.18886,0.055542,-0.079824,-0.22244,-0.34779,-0.53836,92.5
0.31951,0.17263,0.038749,-0.094024,-0.2385,-0.36455,-0.55618,93
0.30426,0.1561,0.023853,-0.10806,-0.25419,-0.38389,-0.57415,93.5
0.28955,0.13956,0.010806,-0.12221,-0.26987,-0.40592,-0.59143,94
0.2753,0.12324,-0.0013987,-0.13673,-0.28589,-0.43051,-0.60739,94.5
0.26141,0.10724,-0.013819,-0.15185,-0.30236,-0.45573,-0.62257,95
0.24778,0.09163,-0.027466,-0.16749,-0.31901,-0.47902,-0.63782,95.5
0.23433,0.076499,-0.042597,-0.18352,-0.33548,-0.49781,-0.65394,96
0.22095,0.061921,-0.058839,-0.19978,-0.35145,-0.51138,-0.67094,96.5
0.20756,0.04788,-0.0758,-0.21614,-0.36657,-0.5213,-0.68816,97
0.19405,0.034128,-0.093088,-0.23244,-0.38051,-0.52932,-0.70495,97.5
0.18033,0.02038,-0.11031,-0.24854,-0.39293,-0.53716,-0.72066,98
0.16632,0.0063543,-0.12708,-0.26436,-0.40352,-0.54656,-0.73503,98.5
0.15198,-0.0082346,-0.1432,-0.27997,-0.41256,-0.55921,-0.74862,99
0.13738,-0.023617,-0.15872,-0.29545,-0.4211,-0.57546,-0.76204,99.5
0.12258,-0.039632,-0.17368,-0.31092,-0.43023,-0.59423,-0.77595,100
0.10763,-0.055947,-0.18817,-0.32646,-0.44105,-0.61438,-0.79063,100.5
0.092603,-0.072227,-0.20223,-0.34212,-0.45464,-0.63475,-0.80564,101
0.077541,-0.088137,-0.21594,-0.35794,-0.47209,-0.6542,-0.82042,101.5
0.062473,-0.10334,-0.22938,-0.37395,-0.4945,-0.6716,-0.83443,102
0.047406,-0.11768,-0.2428,-0.39017,-0.52232,-0.68667,-0.8473,102.5
0.032345,-0.13149,-0.25645,-0.40661,-0.55092,-0.70008,-0.85934,103
0.017298,-0.14519,-0.27059,-0.42314,-0.57368,-0.71255,-0.8711,103.5
0.002272,-0.15922,-0.28543,-0.43963,-0.58947,-0.72479,-0.88311,104
-0.012726,-0.17394,-0.30095,-0.45594,-0.60092,-0.73711,-0.89591,104.5
-0.027689,-0.18935,-0.31707,-0.47193,-0.61071,-0.74952,-0.90951,105
-0.042611,-0.20522,-0.3337,-0.48748,-0.62154,-0.76202,-0.92325,105.5
-0.057484,-0.22135,-0.35076,-0.50245,-0.63591,-0.77461,-0.93638,106
-0.072302,-0.23753,-0.36813,-0.5168,-0.65381,-0.78728,-0.9484,106.5
-0.087064,-0.2536,-0.38561,-0.53074,-0.67326,-0.80005,-0.95954,107
-0.10177,-0.26946,-0.40296,-0.54456,-0.69225,-0.81293,-0.97012,107.5
-0.11642,-0.28499,-0.41994,-0.55851,-0.70933,-0.82592,-0.98048,108
-0.13102,-0.30009,-0.43632,-0.57286,-0.72447,-0.83905,-0.99095,108.5
-0.14557,-0.31463,-0.45187,-0.58763,-0.7379,-0.85235,-1.0017,109
-0.16007,-0.32852,-0.46642,-0.60253,-0.7498,-0.86583,-1.0124,109.5
-0.17452,-0.3418,-0.48025,-0.61725,-0.76038,-0.87953,-1.023,110
-0.18892,-0.35479,-0.49377,-0.63148,-0.76985,-0.89346,-1.0333,110.5
-0.2033,-0.36778,-0.5074,-0.64496,-0.77865,-0.90761,-1.0431,111
-0.21769,-0.38109,-0.52131,-0.65789,-0.78757,-0.92178,-1.0522,111.5
-0.23211,-0.39497,-0.5355,-0.67067,-0.79745,-0.93574,-1.0607,112
-0.2466,-0.40938,-0.54994,-0.68369,-0.80912,-0.94929,-1.0687,112.5
-0.2612,-0.42426,-0.56462,-0.69737,-0.82341,-0.96217,-1.0762,113
-0.27592,-0.43954,-0.5795,-0.71209,-0.84098,-0.97419,-1.0832,113.5
-0.29076,-0.45513,-0.59458,-0.72826,-0.8604,-0.98515,-1.09,114
-0.30569,-0.47096,-0.60978,-0.74619,-0.87897,-0.99511,-1.0965,114.5
-0.32067,-0.4869,-0.62489,-0.76517,-0.89404,-1.0041,-1.1027,115
-0.33567,-0.5028,-0.63975,-0.78382,-0.90496,-1.0124,-1.1086,115.5
-0.35065,-0.51847,-0.65416,-0.80076,-0.91288,-1.0199,-1.1141,116
-0.36559,-0.53374,-0.66792,-0.81459,-0.91901,-1.0267,-1.1192,116.5
-0.38044,-0.54842,-0.68093,-0.8247,-0.92459,-1.0331,-1.1238,117
-0.39518,-0.5624,-0.69342,-0.83218,-0.93084,-1.0392,-1.1278,117.5
-0.40977,-0.57588,-0.70571,-0.83831,-0.93897,-1.0451,-1.1312,118
-0.42418,-0.5891,-0.71811,-0.84442,-0.95015,-1.0509,-1.1342,118.5
-0.43844,-0.60234,-0.73093,-0.85181,-0.96416,-1.0568,-1.1367,119
-0.45258,-0.61585,-0.74436,-0.86133,-0.97945,-1.063,-1.139,119.5
-0.46668,-0.62977,-0.7582,-0.87268,-0.99441,-1.0694,-1.1411,120
-0.48078,-0.64396,-0.77225,-0.88533,-1.0074,-1.076,-1.1431,120.5
-0.49495,-0.65822,-0.78627,-0.89877,-1.0175,-1.0826,-1.1451,121
-0.50923,-0.67236,-0.80005,-0.9125,-1.025,-1.0893,-1.1472,121.5
-0.52364,-0.68619,-0.81337,-0.92601,-1.0305,-1.0959,-1.1493,122
-0.53819,-0.69952,-0.82605,-0.9388,-1.0346,-1.1023,-1.1514,122.5
-0.55287,-0.71234,-0.83811,-0.95068,-1.038,-1.1085,-1.1535,123
-0.56769,-0.72474,-0.84966,-0.96168,-1.0411,-1.1143,-1.1556,123.5
-0.58262,-0.73682,-0.8608,-0.97186,-1.0447,-1.1198,-1.1575,124
-0.59768,-0.74869,-0.87161,-0.98125,-1.049,-1.1249,-1.1593,124.5
-0.61274,-0.76044,-0.88219,-0.9899,-1.0539,-1.1294,-1.161,125
-0.62762,-0.77219,-0.89265,-0.99785,-1.0592,-1.1333,-1.1623,125.5
-0.64213,-0.78402,-0.90307,-1.0052,-1.0647,-1.1366,-1.1634,126
-0.65607,-0.79598,-0.91353,-1.0118,-1.0701,-1.1391,-1.1639,126.5
-0.66925,-0.80795,-0.92398,-1.018,-1.0752,-1.141,-1.1637,127
-0.68151,-0.81985,-0.93432,-1.0235,-1.0799,-1.1421,-1.1628,127.5
-0.69288,-0.83156,-0.94446,-1.0286,-1.0838,-1.1429,-1.161,128
-0.70364,-0.84297,-0.9543,-1.0333,-1.0871,-1.1433,-1.1581,128.5
-0.71404,-0.85399,-0.96374,-1.0375,-1.0897,-1.1437,-1.1543,129
-0.72437,-0.8645,-0.9727,-1.0413,-1.0919,-1.1441,-1.1496,129.5
-0.73488,-0.87449,-0.98106,-1.0448,-1.0936,-1.1448,-1.1443,130
-0.74585,-0.88417,-0.98874,-1.0479,-1.0949,-1.1459,-1.1386,130.5
-0.75734,-0.89381,-0.99571,-1.0509,-1.096,-1.1472,-1.1328,131
-0.76916,-0.90366,-1.002,-1.0536,-1.0968,-1.1486,-1.1269,131.5
-0.78105,-0.91397,-1.0076,-1.0562,-1.0975,-1.1496,-1.1212,132
-0.79278,-0.92492,-1.0126,-1.0587,-1.0981,-1.1501,-1.1159,132.5
-0.8041,-0.93623,-1.0171,-1.0611,-1.0987,-1.1496,-1.1107,133
-0.81487,-0.94742,-1.0209,-1.0636,-1.0992,-1.1481,-1.1055,133.5
-0.82516,-0.95804,-1.0243,-1.066,-1.0996,-1.1451,-1.1001,134
-0.83509,-0.96759,-1.0271,-1.0685,-1.0999,-1.1405,-1.0941,134.5
-0.84477,-0.97562,-1.0295,-1.0709,-1.1002,-1.1345,-1.0875,135
-0.85432,-0.98184,-1.0314,-1.0734,-1.1004,-1.1274,-1.0799,135.5
-0.86385,-0.98648,-1.0327,-1.0758,-1.1005,-1.1195,-1.0713,136
-0.87348,-0.98984,-1.0336,-1.0782,-1.1005,-1.111,-1.0621,136.5
-0.88331,-0.99223,-1.0339,-1.0805,-1.1004,-1.1021,-1.0527,137
-0.89344,-0.99396,-1.0337,-1.0829,-1.1002,-1.0932,-1.0435,137.5
-0.90374,-0.99533,-1.033,-1.0851,-1.0999,-1.0844,-1.0351,138
-0.91401,-0.99658,-1.0316,-1.0873,-1.0994,-1.0756,-1.0279,138.5
-0.92406,-0.9978,-1.0297,-1.0892,-1.0986,-1.0668,-1.0223,139
-0.9337,-0.99905,-1.0273,-1.091,-1.0972,-1.0579,-1.0189,139.5
-0.94274,-1.0004,-1.0242,-1.0924,-1.0951,-1.0488,-1.0177,140
-0.95099,-1.002,-1.0208,-1.0936,-1.092,-1.0397,-1.0182,140.5
-0.95845,-1.0038,-1.0173,-1.0944,-1.0877,-1.0303,-1.0199,141
-0.96517,-1.0059,-1.014,-1.0948,-1.0821,-1.0206,-1.0225,141.5
-0.97123,-1.0084,-1.0111,-1.0948,-1.0753,-1.0108,-1.0254,142
-0.97668,-1.0113,-1.0089,-1.0942,-1.0677,-1.0011,-1.0281,142.5
-0.98159,-1.0145,-1.0077,-1.0931,-1.0599,-0.99176,-1.0303,143
-0.98603,-1.0179,-1.0077,-1.0915,-1.0523,-0.98299,-1.0316,143.5
-0.99005,-1.0213,-1.0088,-1.0894,-1.0454,-0.97505,-1.0325,144
-0.99372,-1.0247,-1.0109,-1.0868,-1.039,-0.9682,-1.0335,144.5
-0.99711,-1.0278,-1.0139,-1.0837,-1.0326,-0.96267,-1.0348,145
-1.0003,-1.0307,-1.0177,-1.0801,-1.0258,-0.95872,-1.0371,145.5
-1.0033,-1.0331,-1.0221,-1.076,-1.0181,-0.95654,-1.0406,146
-1.0062,-1.035,-1.0272,-1.0715,-1.009,-0.95597,-1.046,146.5
-1.009,-1.0365,-1.0326,-1.0664,-0.99806,-0.95662,-1.0534,147
-1.0117,-1.0376,-1.038,-1.0607,-0.98471,-0.95809,-1.0624,147.5
-1.0143,-1.0382,-1.0431,-1.0542,-0.96871,-0.95999,-1.0721,148
-1.0167,-1.0383,-1.0475,-1.0468,-0.95158,-0.96194,-1.0817,148.5
-1.019,-1.038,-1.0508,-1.0384,-0.93575,-0.96353,-1.0904,149
-1.021,-1.0373,-1.0527,-1.0289,-0.92247,-0.96439,-1.0974,149.5
-1.0229,-1.0361,-1.0526,-1.0183,-0.91158,-0.96445,-1.1017,150
-1.0245,-1.0344,-1.0505,-1.0063,-0.90285,-0.96399,-1.1028,150.5
-1.0259,-1.0324,-1.0465,-0.99315,-0.89602,-0.96327,-1.1003,151
-1.027,-1.03,-1.0407,-0.97916,-0.89087,-0.96258,-1.0948,151.5
-1.0278,-1.0273,-1.0334,-0.96457,-0.88715,-0.9622,-1.0868,152
-1.0283,-1.0244,-1.0249,-0.94966,-0.88464,-0.96241,-1.0767,152.5
-1.0285,-1.0211,-1.0154,-0.93469,-0.88307,-0.96349,-1.0651,153
-1.0284,-1.0177,-1.005,-0.91993,-0.88224,-0.9656,-1.0523,153.5
-1.0279,-1.0142,-0.99407,-0.90566,-0.88188,-0.96863,-1.0375,154
-1.027,-1.0104,-0.98278,-0.89213,-0.8818,-0.97249,-1.0197,154.5
-1.0258,-1.0066,-0.97126,-0.87946,-0.88202,-0.97705,-0.99768,155
-1.0241,-1.0024,-0.95961,-0.86766,-0.88267,-0.98218,-0.97021,155.5
-1.022,-0.99785,-0.9479,-0.85673,-0.88389,-0.98778,-0.93614,156
-1.0195,-0.99267,-0.93621,-0.84667,-0.88581,-0.99372,-0.8943,156.5
-1.0165,-0.98674,-0.92463,-0.83749,-0.88856,-0.99989,-0.8452,157
-1.0131,-0.97992,-0.91324,-0.8292,-0.89227,-1.0062,-0.79724,157.5
-1.0092,-0.97206,-0.90202,-0.8218,-0.89708,-1.0125,-0.76104,158
-1.0049,-0.96311,-0.89091,-0.81533,-0.90313,-1.0189,-0.73758,158.5
-1,-0.95316,-0.87984,-0.80987,-0.91048,-1.0251,-0.70888,159
-0.99465,-0.94235,-0.86872,-0.8055,-0.91894,-1.0313,-0.66078,159.5
-0.98878,-0.93078,-0.85748,-0.80231,-0.92826,-1.036,-0.60918,160
-0.98237,-0.91857,-0.84608,-0.80038,-0.93816,-1.0337,-0.56751,160.5
-0.97545,-0.90585,-0.83457,-0.7998,-0.94839,-1.0171,-0.53284,161
-0.96812,-0.89273,-0.82304,-0.80065,-0.95861,-0.9794,-0.50107,161.5
-0.96049,-0.87933,-0.81157,-0.80288,-0.96802,-0.91802,-0.46809,162
-0.95267,-0.86576,-0.80023,-0.8062,-0.97563,-0.86129,-0.43115,162.5
-0.94478,-0.85215,-0.7891,-0.81024,-0.98046,-0.82017,-0.39138,163
-0.93692,-0.83862,-0.77827,-0.81469,-0.98152,-0.78764,-0.35059,163.5
-0.92921,-0.82538,-0.7678,-0.81919,-0.97781,-0.75646,-0.31059,164
-0.92174,-0.81261,-0.75776,-0.8234,-0.96837,-0.72082,-0.27237,164.5
-0.91434,-0.80052,-0.74821,-0.82699,-0.95273,-0.68111,-0.23572,165
-0.90667,-0.7893,-0.73922,-0.82964,-0.93266,-0.63937,-0.20032,165.5
-0.89843,-0.77914,-0.73084,-0.83117,-0.91052,-0.59764,-0.16586,166
-0.88929,-0.77003,-0.72314,-0.83147,-0.8885,-0.55759,-0.13192,166.5
-0.87892,-0.76175,-0.7163,-0.83039,-0.86486,-0.51902,-0.097674,167
-0.86701,-0.7541,-0.7107,-0.82783,-0.83332,-0.48124,-0.062192,167.5
-0.85349,-0.74688,-0.70669,-0.82365,-0.78741,-0.44354,-0.024535,168
-0.83895,-0.73986,-0.70468,-0.81774,-0.72823,-0.40554,0.015861,168.5
-0.82405,-0.73285,-0.70503,-0.80996,-0.68071,-0.36769,0.057664,169
-0.80946,-0.72565,-0.7081,-0.79966,-0.651,-0.33054,0.098941,169.5
-0.79585,-0.7183,-0.71333,-0.78512,-0.62172,-0.29467,0.13776,170
-0.78388,-0.71098,-0.71867,-0.76445,-0.57923,-0.26029,0.17309,170.5
-0.77367,-0.70384,-0.72198,-0.73579,-0.53264,-0.2262,0.20647,171
-0.76471,-0.69706,-0.72109,-0.69775,-0.49522,-0.19084,0.23991,171.5
-0.75642,-0.69081,-0.71385,-0.65337,-0.46421,-0.15264,0.27541,172
-0.74824,-0.68526,-0.69819,-0.60792,-0.43135,-0.11097,0.31445,172.5
-0.73959,-0.68058,-0.67438,-0.56516,-0.39458,-0.068368,0.35554,173
-0.7299,-0.67693,-0.64519,-0.52473,-0.35587,-0.028066,0.39615,173.5
-0.719,-0.6742,-0.61352,-0.4856,-0.31727,0.006702,0.43375,174
-0.70731,-0.67167,-0.58215,-0.44676,-0.28039,0.035302,0.46658,174.5
-0.69538,-0.66859,-0.55072,-0.40782,-0.24493,0.066628,0.49501,175
-0.6837,-0.66416,-0.51534,-0.36896,-0.21006,0.11125,0.51974,175.5
-0.67259,-0.65763,-0.47471,-0.33039,-0.17496,0.16453,0.54133,176
-0.6621,-0.64823,-0.43555,-0.29232,-0.1388,0.20969,0.55983,176.5
-0.65227,-0.63522,-0.40485,-0.25461,-0.10121,0.24638,0.57524,177
-0.64312,-0.61834,-0.38034,-0.21678,-0.062178,0.27765,0.58754,177.5
-0.6347,-0.59747,-0.35518,-0.17834,-0.021735,0.30656,0.59672,178
-0.62703,-0.57252,-0.32252,-0.13881,0.020039,0.33618,0.60276,178.5
-0.62016,-0.54338,-0.27697,-0.099138,0.061494,0.36955,0.60565,179
-0.61411,-0.50996,-0.22601,-0.062827,0.099298,0.40973,0.60536,179.5
-0.60893,-0.47215,-0.18377,-0.033651,0.13004,0.4598,0.6019,180
