0.2485,0.14975,0.10018,0.021349,0.077129,0.15779,0.25258
0.25045,0.14891,0.10114,0.025714,0.078998,0.1597,0.25222
0.25169,0.14895,0.10187,0.030401,0.08191,0.16203,0.25336
0.25229,0.14974,0.10242,0.035385,0.085753,0.16478,0.25589
0.25229,0.15118,0.10279,0.04064,0.09041,0.16797,0.25969
0.25176,0.15317,0.10302,0.046138,0.095768,0.1716,0.26466
0.25075,0.15558,0.10314,0.051855,0.10171,0.1757,0.27068
0.24931,0.15832,0.10315,0.057763,0.10813,0.18027,0.27764
0.24749,0.16127,0.1031,0.063838,0.1149,0.18532,0.28544
0.24537,0.16433,0.10301,0.070052,0.12191,0.19087,0.29396
0.24298,0.16738,0.10289,0.076381,0.12906,0.19693,0.30309
0.24038,0.17032,0.10278,0.082797,0.13621,0.20351,0.31272
0.23764,0.17303,0.10269,0.089275,0.14327,0.21062,0.32274
0.2348,0.17542,0.10266,0.095788,0.15011,0.21828,0.33302
0.23192,0.17736,0.1027,0.10231,0.15662,0.2265,0.34342
0.22906,0.17876,0.10285,0.10882,0.16268,0.23525,0.35377
0.22627,0.17949,0.10313,0.11528,0.16831,0.24438,0.36394
0.2236,0.17955,0.10358,0.12168,0.17374,0.25373,0.37376
0.22111,0.17908,0.10432,0.12803,0.17923,0.26311,0.3831
0.21886,0.17828,0.10547,0.13437,0.18504,0.27234,0.39212
0.21691,0.17731,0.10714,0.14074,0.19144,0.28125,0.40131
0.21529,0.17637,0.10944,0.14718,0.19869,0.28966,0.4112
0.21408,0.17563,0.1125,0.15373,0.20705,0.29749,0.4223
0.21333,0.17528,0.11642,0.16042,0.2166,0.30496,0.43513
0.21308,0.17549,0.1213,0.16731,0.22713,0.31241,0.44998
0.21331,0.17642,0.12702,0.17442,0.23836,0.32016,0.46628
0.21399,0.17802,0.13337,0.1818,0.25005,0.32853,0.48324
0.21505,0.1802,0.14017,0.18949,0.26192,0.33783,0.50006
0.21648,0.18283,0.14722,0.19752,0.27372,0.3484,0.51595
0.21821,0.18582,0.15432,0.20593,0.28518,0.36044,0.53061
0.22021,0.18905,0.16127,0.21477,0.29611,0.37381,0.54449
0.22244,0.19241,0.16788,0.22407,0.30661,0.38829,0.55811
0.22484,0.1958,0.17419,0.23385,0.3169,0.40368,0.57197
0.22739,0.19911,0.18035,0.24402,0.32718,0.41978,0.58661
0.23003,0.20222,0.18651,0.25445,0.33765,0.4364,0.60253
0.23272,0.20506,0.19284,0.26503,0.34854,0.45347,0.62026
0.23546,0.2077,0.1995,0.27565,0.36004,0.47093,0.64014
0.23825,0.21024,0.20664,0.28617,0.37236,0.48876,0.66157
0.24108,0.21279,0.21443,0.2965,0.38564,0.50689,0.68355
0.24396,0.21543,0.22293,0.30651,0.39997,0.52523,0.7051
0.24689,0.21829,0.23206,0.3163,0.41546,0.54353,0.72523
0.24986,0.22147,0.24174,0.32613,0.43221,0.56155,0.74323
0.25289,0.22505,0.25185,0.33622,0.45032,0.57904,0.75939
0.25595,0.22916,0.26231,0.34682,0.46976,0.59578,0.77425
0.25907,0.23389,0.27302,0.35817,0.48993,0.61185,0.78835
0.26224,0.23935,0.28388,0.37051,0.51004,0.62748,0.80223
0.26545,0.24556,0.29485,0.38394,0.52932,0.64291,0.81644
0.26871,0.25239,0.306,0.39828,0.547,0.65834,0.83151
0.27202,0.25964,0.31737,0.41335,0.56292,0.67389,0.84787
0.27538,0.26716,0.32904,0.42894,0.57749,0.68966,0.86527
0.2788,0.27477,0.34107,0.44486,0.5912,0.70574,0.88329
0.28226,0.28229,0.35353,0.4609,0.60452,0.72224,0.9015
0.28577,0.28954,0.36647,0.47688,0.6179,0.73926,0.91979
0.28934,0.29638,0.37983,0.49262,0.63181,0.75679,0.93859
0.29305,0.30295,0.39345,0.5083,0.64642,0.77471,0.95843
0.297,0.30965,0.40716,0.52439,0.66181,0.79288,0.9794
0.30128,0.31689,0.42081,0.54136,0.67802,0.81116,1.0008
0.306,0.32508,0.43423,0.55947,0.69512,0.82944,1.0218
0.31125,0.33462,0.44736,0.57848,0.71315,0.84762,1.0416
0.31713,0.34592,0.46066,0.59811,0.73217,0.8656,1.0595
0.32375,0.35923,0.47478,0.61809,0.75208,0.88331,1.0752
0.33118,0.37388,0.49038,0.63814,0.77251,0.90065,1.0891
0.3393,0.38893,0.50808,0.65793,0.7931,0.91757,1.1019
0.34787,0.4034,0.52792,0.6771,0.81349,0.93419,1.114
0.35664,0.41686,0.54861,0.69528,0.83333,0.95069,1.126
0.36535,0.42973,0.56872,0.71213,0.85257,0.96728,1.1383
0.37377,0.44251,0.58681,0.72727,0.87132,0.98414,1.1515
0.38164,0.45569,0.60182,0.74034,0.88967,1.0014,1.1661
0.38873,0.4698,0.61491,0.75106,0.90771,1.0194,1.1816
0.39511,0.48527,0.62806,0.76075,0.92555,1.0381,1.1975
0.40131,0.50235,0.64321,0.77215,0.94328,1.0574,1.2132
0.40787,0.52117,0.6619,0.78764,0.96095,1.0767,1.2278
0.41533,0.54171,0.68309,0.80705,0.97857,1.0956,1.241
0.42424,0.56259,0.70477,0.82932,0.99612,1.1138,1.2527
0.43513,0.58164,0.72496,0.85334,1.0136,1.1311,1.2637
0.44825,0.59716,0.7417,0.87804,1.031,1.1475,1.2747
0.46312,0.61031,0.75509,0.90231,1.0483,1.1631,1.2863
0.47919,0.62333,0.76784,0.9252,1.0654,1.1779,1.2983
0.49591,0.6385,0.78279,0.9465,1.0824,1.1922,1.3107
0.51272,0.65807,0.80231,0.96633,1.0993,1.2065,1.3236
0.52913,0.6831,0.82536,0.98479,1.1159,1.2213,1.3369
0.54499,0.71061,0.84955,1.002,1.1323,1.2371,1.3507
0.56019,0.7368,0.8725,1.018,1.1484,1.2537,1.3648
0.57464,0.75821,0.89183,1.033,1.1643,1.27,1.3794
0.58823,0.775,0.90664,1.0474,1.1797,1.285,1.3943
0.60091,0.78932,0.91972,1.0618,1.1949,1.2981,1.4096
0.61347,0.80334,0.93443,1.0769,1.2097,1.31,1.4252
0.62726,0.81904,0.95399,1.0931,1.2243,1.3212,1.4406
0.64364,0.83669,0.97829,1.1105,1.2387,1.3323,1.4557
0.66398,0.85567,1.0037,1.1287,1.253,1.3439,1.4701
0.68966,0.87537,1.0266,1.1473,1.2672,1.3566,1.4836
0.71969,0.89516,1.0437,1.166,1.2813,1.3705,1.4958
0.74692,0.91449,1.0565,1.1845,1.2955,1.3853,1.5068
0.76537,0.93334,1.0684,1.2024,1.3096,1.4007,1.5167
0.77723,0.95192,1.0828,1.2196,1.3238,1.4164,1.5257
0.78661,0.97043,1.1025,1.2361,1.338,1.4318,1.5341
0.79762,0.98909,1.1264,1.252,1.352,1.447,1.5423
0.81438,1.0081,1.1514,1.2672,1.3658,1.4616,1.5503
0.84013,1.0274,1.1743,1.2818,1.3793,1.4757,1.5585
0.87161,1.047,1.1923,1.2959,1.3926,1.4889,1.5671
0.90254,1.0669,1.2053,1.3097,1.4054,1.5012,1.5764
0.9294,1.0868,1.2158,1.3236,1.4178,1.5124,1.5862
0.9525,1.1067,1.2262,1.3378,1.4299,1.5228,1.5963
0.97242,1.1263,1.2387,1.3523,1.4417,1.5325,1.6065
0.98974,1.1455,1.2535,1.3671,1.4535,1.5418,1.6166
1.005,1.1638,1.2699,1.382,1.4654,1.5508,1.6264
1.0189,1.181,1.2873,1.3968,1.4775,1.5599,1.6357
1.0319,1.1972,1.3048,1.4113,1.4901,1.5691,1.6441
1.0447,1.2126,1.3219,1.4254,1.5033,1.5786,1.6517
1.0578,1.2276,1.3381,1.439,1.5172,1.5884,1.6586
1.0719,1.2423,1.3535,1.4522,1.5314,1.5984,1.6648
1.0878,1.2572,1.3682,1.4649,1.5457,1.6085,1.6705
1.1061,1.2725,1.3824,1.4774,1.5596,1.6186,1.6759
1.1268,1.288,1.3961,1.4896,1.5729,1.6286,1.6812
1.1488,1.3037,1.4096,1.5017,1.5853,1.6385,1.6864
1.171,1.3194,1.4231,1.5137,1.5964,1.6481,1.6916
1.1923,1.3352,1.4368,1.5258,1.6064,1.6575,1.6967
1.2114,1.3508,1.4509,1.538,1.6157,1.6666,1.7016
1.2285,1.3665,1.4657,1.5502,1.6245,1.6754,1.7065
1.2441,1.3822,1.481,1.5626,1.633,1.6838,1.7113
1.2585,1.3979,1.4963,1.5749,1.6415,1.6918,1.716
1.2724,1.4137,1.5113,1.5872,1.6503,1.6993,1.7205
1.2863,1.4295,1.5255,1.5994,1.6596,1.7064,1.7249
1.3006,1.4453,1.5386,1.6114,1.6697,1.713,1.7292
1.3159,1.4608,1.55,1.6232,1.6803,1.719,1.7333
1.3325,1.4759,1.56,1.6348,1.6913,1.7246,1.7372
1.3501,1.4906,1.5694,1.6461,1.7024,1.7298,1.741
1.3684,1.5049,1.5793,1.6572,1.7132,1.7348,1.7445
1.387,1.5188,1.5906,1.668,1.7234,1.7395,1.748
1.4056,1.5325,1.6042,1.6785,1.7328,1.744,1.7512
1.4238,1.5461,1.6188,1.6887,1.7411,1.7485,1.7544
1.4412,1.5596,1.6322,1.6987,1.7482,1.7531,1.7574
1.4576,1.573,1.6424,1.7083,1.7543,1.7576,1.7603
1.4725,1.5864,1.6504,1.7177,1.7596,1.7623,1.7631
1.4859,1.5997,1.6579,1.7267,1.7642,1.767,1.7657
1.4982,1.6128,1.6662,1.7355,1.7683,1.7718,1.7683
1.5098,1.6258,1.6754,1.7439,1.772,1.7766,1.7709
1.5213,1.6386,1.6853,1.7521,1.7755,1.7814,1.7733
1.5331,1.6512,1.6956,1.76,1.779,1.7861,1.7757
1.5457,1.6635,1.7062,1.7676,1.7827,1.7909,1.778
1.5596,1.6755,1.7169,1.7749,1.7866,1.7955,1.7803
1.575,1.6872,1.7273,1.7819,1.7907,1.7999,1.7824
1.5917,1.6984,1.7373,1.7887,1.7951,1.804,1.7844
1.6088,1.7091,1.7469,1.7952,1.7995,1.8077,1.7863
1.6254,1.7194,1.7561,1.8015,1.8041,1.8109,1.788
1.6407,1.7294,1.7649,1.8075,1.8086,1.8134,1.7895
1.6546,1.739,1.7734,1.8133,1.8132,1.8154,1.7908
1.6671,1.7484,1.7816,1.8189,1.8176,1.8167,1.7919
1.6786,1.7577,1.7895,1.8243,1.8219,1.8176,1.7928
1.6893,1.7669,1.7973,1.8295,1.826,1.8181,1.7934
1.6994,1.7759,1.8048,1.8345,1.8298,1.8184,1.7938
1.7093,1.7849,1.8121,1.8392,1.8333,1.8184,1.7939
1.719,1.7936,1.8192,1.8436,1.8366,1.8184,1.7936
1.7285,1.8021,1.8261,1.8478,1.8396,1.8185,1.7931
1.7381,1.8103,1.8328,1.8517,1.8425,1.8186,1.7923
1.7477,1.8182,1.8393,1.8553,1.8451,1.8189,1.7913
1.7575,1.8258,1.8456,1.8585,1.8475,1.8192,1.7901
1.7673,1.8331,1.8517,1.8615,1.8497,1.8197,1.7886
1.7772,1.84,1.8575,1.864,1.8518,1.8202,1.787
1.7871,1.8466,1.8631,1.8664,1.8538,1.8208,1.7852
1.797,1.8529,1.8684,1.8684,1.8557,1.8213,1.7833
1.8069,1.8588,1.8734,1.8703,1.8575,1.8219,1.7812
1.8167,1.8644,1.8779,1.872,1.8592,1.8224,1.7791
1.8264,1.8696,1.8821,1.8736,1.8608,1.8228,1.7769
1.836,1.8746,1.8858,1.8751,1.8624,1.8231,1.7746
1.8453,1.8794,1.8892,1.8765,1.8637,1.8233,1.7721
1.8545,1.8839,1.8922,1.8779,1.8649,1.8234,1.7696
1.8634,1.8884,1.895,1.8793,1.8658,1.8235,1.7669
1.872,1.8927,1.8975,1.8807,1.8664,1.8235,1.7641
1.8803,1.8971,1.8999,1.882,1.8666,1.8234,1.7611
1.8882,1.9014,1.9023,1.8833,1.8665,1.8233,1.758
1.8958,1.9057,1.9045,1.8846,1.8659,1.8232,1.7548
1.9029,1.9101,1.9068,1.8859,1.8649,1.8229,1.7515
1.9096,1.9145,1.909,1.8872,1.8636,1.8225,1.7482
1.9159,1.9189,1.9112,1.8884,1.8622,1.8217,1.7448
1.9219,1.9235,1.9134,1.8896,1.8607,1.8205,1.7415
1.9275,1.9281,1.9157,1.8908,1.8593,1.8188,1.7381
1.9329,1.9328,1.9181,1.892,1.858,1.8165,1.7349
1.9379,1.9376,1.9205,1.8931,1.8569,1.8134,1.7318
1.9427,1.9423,1.9228,1.8941,1.8559,1.8097,1.7287
1.9473,1.9468,1.9251,1.895,1.855,1.8054,1.7256
1.9516,1.9512,1.9273,1.8957,1.854,1.8008,1.7225
1.9558,1.9552,1.9294,1.8962,1.853,1.796,1.7192
1.9598,1.9587,1.9312,1.8966,1.8519,1.7913,1.7157
1.9638,1.9618,1.9328,1.8966,1.8505,1.7868,1.7119
1.9676,1.9642,1.9341,1.8964,1.8488,1.7826,1.7079
1.9712,1.9659,1.9351,1.8959,1.8467,1.7789,1.7036
1.9748,1.9671,1.9356,1.8951,1.8442,1.7755,1.6991
1.9782,1.9678,1.9357,1.894,1.8414,1.7723,1.6942
1.9815,1.9681,1.9354,1.8926,1.8383,1.7691,1.689
1.9847,1.9681,1.9346,1.891,1.8349,1.7659,1.6835
1.9878,1.968,1.9336,1.8891,1.8313,1.7626,1.6776
1.9907,1.9677,1.9324,1.8871,1.8274,1.7589,1.6713
1.9934,1.9674,1.931,1.8849,1.8234,1.7549,1.6646
1.9961,1.9672,1.9295,1.8825,1.8191,1.7505,1.6576
1.9986,1.9672,1.9279,1.8799,1.8147,1.7456,1.6502
2.001,1.9675,1.9264,1.8772,1.8103,1.7404,1.6425
2.0032,1.9682,1.9249,1.8743,1.8057,1.7348,1.6348
2.0053,1.9693,1.9233,1.8712,1.8011,1.7288,1.627
2.0073,1.9707,1.9217,1.8679,1.7965,1.7226,1.6193
2.0092,1.9723,1.92,1.8645,1.7919,1.7161,1.6116
2.0109,1.9738,1.9182,1.8608,1.7873,1.7094,1.6038
2.0125,1.975,1.9163,1.857,1.7829,1.7024,1.5958
2.0139,1.9758,1.9141,1.853,1.7785,1.6953,1.5877
2.0152,1.9759,1.9118,1.8489,1.7742,1.688,1.5792
2.0163,1.9752,1.9092,1.8446,1.7698,1.6807,1.5703
2.0172,1.9736,1.9065,1.8402,1.7655,1.6733,1.561
2.018,1.9712,1.9036,1.8357,1.7611,1.6659,1.5511
2.0185,1.968,1.9005,1.831,1.7567,1.6585,1.5405
2.0189,1.9645,1.8972,1.8263,1.7522,1.6513,1.5291
2.0191,1.9606,1.8937,1.8215,1.7476,1.644,1.5169
2.019,1.9565,1.89,1.8166,1.7427,1.6366,1.5041
2.0188,1.9525,1.8861,1.8116,1.7376,1.6289,1.4912
2.0183,1.9487,1.8821,1.8066,1.7322,1.6207,1.4786
2.0175,1.9452,1.8779,1.8014,1.7263,1.6119,1.4669
2.0165,1.9418,1.8735,1.7962,1.72,1.6024,1.4564
2.0152,1.9385,1.8689,1.791,1.7132,1.592,1.4467
2.0136,1.9353,1.8641,1.7856,1.7058,1.5807,1.4378
2.0117,1.9321,1.8592,1.7801,1.6978,1.5689,1.4291
2.0094,1.9288,1.8541,1.7744,1.6892,1.5567,1.4205
2.0069,1.9253,1.8489,1.7685,1.68,1.5445,1.4115
2.004,1.9216,1.8435,1.7624,1.6702,1.5326,1.4019
2.0008,1.9178,1.8381,1.756,1.6599,1.5212,1.3914
1.9972,1.9137,1.8326,1.7493,1.6492,1.5106,1.38
1.9935,1.9094,1.827,1.7423,1.6379,1.5009,1.3674
1.9894,1.9049,1.8214,1.7349,1.6263,1.492,1.3537
1.9852,1.9002,1.8157,1.7272,1.6145,1.4832,1.3386
1.9809,1.8953,1.8099,1.7192,1.6026,1.4742,1.3221
1.9764,1.8901,1.8039,1.7108,1.5909,1.4644,1.3041
1.9718,1.8847,1.7978,1.702,1.5793,1.4533,1.285
1.9671,1.8792,1.7914,1.6929,1.5682,1.4407,1.2659
1.9624,1.8734,1.7848,1.6834,1.5575,1.4266,1.2479
1.9575,1.8676,1.7779,1.6735,1.5469,1.4116,1.2318
1.9526,1.8617,1.7706,1.6633,1.5361,1.396,1.2175
1.9476,1.8558,1.7631,1.6528,1.5246,1.3801,1.2046
1.9426,1.8499,1.7553,1.6419,1.5122,1.3645,1.1929
1.9374,1.8441,1.7473,1.6307,1.4984,1.3494,1.1818
1.9323,1.8382,1.7391,1.6191,1.483,1.3352,1.1711
1.927,1.8323,1.7306,1.6073,1.4663,1.3217,1.1604
1.9216,1.8261,1.7219,1.5952,1.4498,1.3089,1.1494
1.9161,1.8196,1.7131,1.5829,1.435,1.2968,1.1376
1.9105,1.8126,1.7039,1.5704,1.4233,1.2854,1.1248
1.9048,1.805,1.6945,1.5578,1.4148,1.2743,1.111
1.8989,1.7967,1.6845,1.5451,1.4069,1.2632,1.0961
1.8928,1.7875,1.6741,1.5322,1.3971,1.2515,1.0803
1.8865,1.7774,1.663,1.5194,1.3826,1.2388,1.0638
1.8799,1.7667,1.6513,1.5065,1.3607,1.2246,1.0465
1.873,1.7555,1.639,1.4935,1.3332,1.2087,1.0287
1.8657,1.7441,1.6262,1.4804,1.3083,1.1914,1.0105
1.8579,1.7327,1.613,1.4672,1.2908,1.173,0.99187
1.8499,1.7215,1.5996,1.4538,1.2791,1.154,0.97301
1.8417,1.7107,1.5861,1.4403,1.2714,1.1349,0.954
1.8333,1.7004,1.5727,1.4265,1.2657,1.1161,0.93497
1.825,1.6905,1.5593,1.4125,1.2601,1.098,0.91598
1.8168,1.6805,1.5459,1.3983,1.2526,1.081,0.8971
1.8089,1.6702,1.5325,1.3838,1.2419,1.0653,0.87834
1.8012,1.6593,1.519,1.3691,1.2283,1.0514,0.85972
1.7937,1.6476,1.5055,1.3541,1.2125,1.0394,0.84127
1.7862,1.6352,1.4918,1.339,1.195,1.0287,0.82301
1.7785,1.6223,1.4779,1.3237,1.1761,1.0183,0.80498
1.7704,1.6091,1.4638,1.3083,1.1566,1.007,0.78718
1.7619,1.5957,1.4494,1.2929,1.1369,0.99393,0.76966
1.7527,1.5823,1.4348,1.2776,1.1176,0.97793,0.7524
1.7428,1.5691,1.4198,1.2626,1.0991,0.95858,0.73536
1.7322,1.556,1.4046,1.2482,1.0815,0.93684,0.71847
1.7209,1.5428,1.3893,1.2346,1.0647,0.91393,0.70167
1.7089,1.5294,1.3739,1.2215,1.0484,0.89108,0.68487
1.6962,1.5155,1.3585,1.2084,1.0324,0.8695,0.66803
1.6829,1.5012,1.3432,1.1945,1.0167,0.85009,0.65106
1.669,1.4861,1.3279,1.1793,1.0008,0.83231,0.6339
1.6545,1.4706,1.3127,1.1625,0.98482,0.81524,0.61649
1.6395,1.4549,1.2975,1.1443,0.96844,0.79798,0.59875
1.6241,1.4393,1.2823,1.1251,0.95157,0.78017,0.58066
1.6085,1.4238,1.2669,1.1054,0.93407,0.76198,0.5624
1.5927,1.4088,1.2516,1.0855,0.9158,0.74359,0.5442
1.5768,1.3941,1.2364,1.0658,0.89662,0.7252,0.5263
1.5609,1.3794,1.2214,1.0466,0.87645,0.70699,0.50891
1.5451,1.3644,1.2069,1.0282,0.85568,0.68914,0.49208
1.5295,1.349,1.1928,1.01,0.83494,0.67166,0.47581
1.5141,1.333,1.1784,0.99186,0.81488,0.65448,0.46008
1.4991,1.3164,1.1628,0.9732,0.79613,0.63753,0.44487
1.4845,1.2997,1.145,0.95369,0.77919,0.62072,0.43016
1.4705,1.2829,1.1243,0.93335,0.76358,0.60399,0.41595
1.4569,1.2665,1.1013,0.91256,0.74845,0.58728,0.40227
1.4439,1.2507,1.0779,0.89169,0.73293,0.5705,0.38918
1.431,1.2352,1.0563,0.87112,0.71619,0.55361,0.37674
1.4179,1.22,1.0384,0.85115,0.69806,0.53654,0.36502
1.4041,1.2048,1.0235,0.83189,0.6793,0.51921,0.35406
1.3893,1.1892,1.0097,0.81343,0.66073,0.50161,0.34394
1.3729,1.1733,0.99489,0.79586,0.64302,0.48394,0.3347
1.3548,1.1566,0.9769,0.77918,0.62616,0.4665,0.32617
1.3355,1.139,0.95496,0.76318,0.60982,0.44957,0.31799
1.3156,1.1204,0.93108,0.74761,0.59367,0.43345,0.3098
1.2958,1.1005,0.90762,0.73225,0.57742,0.41836,0.30123
1.2766,1.0794,0.88643,0.71684,0.561,0.40417,0.29192
1.2588,1.0579,0.86733,0.70117,0.54441,0.39059,0.28171
1.2422,1.0368,0.8497,0.68506,0.52766,0.37733,0.2709
1.2262,1.0171,0.83289,0.66841,0.51075,0.3641,0.25981
1.2102,0.99898,0.81633,0.65111,0.4938,0.35065,0.24877
1.1937,0.98156,0.79961,0.63307,0.47689,0.33699,0.2381
1.1759,0.96373,0.7823,0.61418,0.46015,0.3233,0.22813
1.1564,0.94435,0.76399,0.59449,0.44368,0.30972,0.21918
1.1356,0.92291,0.74434,0.57457,0.42754,0.29643,0.21134
1.1141,0.90028,0.72397,0.55507,0.41151,0.28358,0.20457
1.0925,0.87755,0.70428,0.53664,0.3953,0.27126,0.19881
1.0714,0.85578,0.68668,0.51984,0.37863,0.25918,0.194
1.0514,0.836,0.67254,0.50431,0.36137,0.247,0.1901
1.0331,0.81824,0.66129,0.48904,0.34383,0.23434,0.18704
1.0172,0.80177,0.64952,0.47304,0.32638,0.22086,0.18476
1.0036,0.78581,0.63361,0.45531,0.3094,0.20619,0.18322
0.99103,0.7696,0.60992,0.43486,0.29307,0.19005,0.18236
0.97801,0.75238,0.57771,0.41193,0.27686,0.17289,0.18212
0.96299,0.73363,0.54357,0.38856,0.26008,0.15549,0.18244
0.94454,0.71411,0.51434,0.36684,0.24211,0.13868,0.18325
0.92235,0.69496,0.49034,0.34717,0.22315,0.12325,0.18449
0.89671,0.67734,0.46908,0.32856,0.20385,0.10999,0.1861
0.86797,0.66094,0.44807,0.31001,0.18485,0.099136,0.18802
0.83711,0.64167,0.42486,0.29054,0.16681,0.090304,0.19017
0.80581,0.61479,0.39867,0.26979,0.15036,0.083093,0.19251
0.77579,0.57908,0.37051,0.24807,0.13577,0.077099,0.19496
0.74878,0.54286,0.34149,0.22575,0.12283,0.071918,0.19747
0.72644,0.51577,0.31273,0.20346,0.11127,0.067147,0.19996
0.7087,0.49953,0.28512,0.18209,0.10083,0.062382,0.20241
0.69355,0.48689,0.25902,0.16254,0.091255,0.057472,0.20481
0.67888,0.47014,0.23465,0.1457,0.08239,0.052729,0.2072
0.6626,0.44278,0.21215,0.13181,0.0742,0.048521,0.20959
0.64282,0.40829,0.19161,0.12038,0.066654,0.045215,0.212
0.61966,0.3749,0.17313,0.11088,0.059722,0.043169,0.21446
0.59415,0.35072,0.15683,0.10278,0.053375,0.042482,0.21698
0.56738,0.33701,0.14279,0.095545,0.047583,0.042912,0.2196
0.5407,0.32561,0.13111,0.088727,0.042317,0.044194,0.22231
0.51561,0.30767,0.1216,0.08223,0.037553,0.046062,0.22513
0.49319,0.27776,0.11393,0.076053,0.033264,0.048252,0.22803
0.47272,0.24319,0.10776,0.070194,0.029427,0.050499,0.231
0.45299,0.21331,0.10276,0.06465,0.026016,0.052567,0.23404
0.4328,0.19031,0.098596,0.059421,0.023005,0.054418,0.23713
0.41158,0.17323,0.094926,0.054504,0.020369,0.056102,0.24026
0.39093,0.16106,0.091494,0.049897,0.018068,0.057667,0.24343
0.37295,0.15289,0.088256,0.045598,0.016051,0.059163,0.24661
0.35972,0.14794,0.085197,0.041606,0.014266,0.060639,0.24981
0.3523,0.14541,0.082305,0.037913,0.01266,0.062145,0.253
0.34952,0.1445,0.079568,0.034498,0.01118,0.063722,0.25616
0.34997,0.14445,0.076973,0.031334,0.0097756,0.065372,0.25927
0.35219,0.14444,0.074508,0.028397,0.0083935,0.067078,0.26231
0.35477,0.14371,0.072159,0.025661,0.007001,0.068827,0.26525
0.35628,0.14183,0.069918,0.023102,0.0056089,0.070603,0.26807
0.35592,0.13911,0.067779,0.020694,0.0042337,0.072392,0.27074
0.35402,0.13588,0.065742,0.018413,0.0028922,0.074179,0.27324
0.35102,0.13251,0.063804,0.016232,0.0016007,0.075949,0.27555
0.34733,0.12935,0.061961,0.014127,0.00037607,0.077694,0.27775
0.34341,0.12676,0.060212,0.012073,-0.00076522,0.079418,0.27992
0.33967,0.12499,0.058555,0.010048,-0.0018076,0.081124,0.28213
0.33656,0.12393,0.056987,0.0080584,-0.0027392,0.082817,0.28448
0.33427,0.12337,0.055498,0.0061321,-0.0035489,0.084499,0.28705
0.33257,0.12312,0.054065,0.0042951,-0.0042259,0.086176,0.28992
0.3312,0.12298,0.052661,0.002574,-0.0047592,0.08785,0.29314
0.32987,0.12276,0.051259,0.00099535,-0.0051376,0.089524,0.29664
0.3283,0.12225,0.049833,-0.00041439,-0.0053502,0.091186,0.30031
0.32623,0.12129,0.048356,-0.0016286,-0.0053864,0.092824,0.30405
0.32338,0.11988,0.046801,-0.0026209,-0.0052555,0.094422,0.30776
0.31967,0.1181,0.045142,-0.0033646,-0.004995,0.095968,0.31134
0.31527,0.11603,0.043351,-0.0038332,-0.0046443,0.097447,0.31469
0.31043,0.11372,0.041404,-0.0040102,-0.0042432,0.098846,0.31774
0.30536,0.11127,0.039297,-0.0039143,-0.0038313,0.10015,0.32052
0.30027,0.10873,0.037071,-0.0035713,-0.0034481,0.10139,0.32306
0.2954,0.10617,0.034773,-0.0030072,-0.0031321,0.10262,0.32543
0.29095,0.1036,0.032448,-0.0022481,-0.00287,0.10388,0.32767
0.28696,0.10107,0.03014,-0.0013199,-0.0025798,0.10522,0.32983
0.28338,0.09861,0.027896,-0.00024852,-0.0021747,0.10671,0.33195
0.28012,0.096258,0.025759,0.00093993,-0.001568,0.10839,0.33408
0.27714,0.094047,0.023777,0.0022195,-0.00067277,0.1103,0.33627
0.27436,0.092013,0.021994,0.0035643,0.00059773,0.1124,0.3385
0.27171,0.090184,0.020456,0.0049482,0.0023303,0.11461,0.34077
0.26913,0.088551,0.019207,0.0063452,0.0045887,0.1168,0.34309
0.26656,0.087083,0.018282,0.0077295,0.0073341,0.11889,0.34545
0.26396,0.085752,0.017644,0.0090749,0.0105,0.12077,0.34784
0.26132,0.084528,0.017235,0.010356,0.014019,0.12234,0.35028
0.25862,0.08338,0.016995,0.011546,0.017826,0.12351,0.35274
0.25584,0.082281,0.016865,0.012638,0.021853,0.12442,0.35534
0.25296,0.081199,0.016785,0.013689,0.026033,0.12567,0.35849
0.24997,0.080106,0.016697,0.014763,0.030316,0.12788,0.3627
0.24689,0.078963,0.016541,0.015928,0.034783,0.13168,0.36844
0.24377,0.077698,0.016257,0.017251,0.03957,0.13772,0.37621
0.24067,0.076236,0.015786,0.018797,0.044818,0.14662,0.3865
0.23765,0.074496,0.01507,0.020634,0.050664,0.15901,0.39979
0.23477,0.072402,0.014161,0.022828,0.057248,0.17521,0.41621
0.23207,0.069876,0.013333,0.025445,0.064708,0.19506,0.43539
0.22957,0.06684,0.012886,0.028553,0.07319,0.21835,0.45688
0.2272,0.063223,0.013121,0.032219,0.083021,0.2448,0.48027
0.22491,0.059167,0.014338,0.036597,0.094723,0.27283,0.50525
0.22266,0.055062,0.016837,0.04193,0.10882,0.29924,0.53182
0.2204,0.051316,0.02091,0.048471,0.12585,0.32088,0.56002
0.21808,0.048333,0.026564,0.056471,0.14633,0.33799,0.5896
0.21563,0.046519,0.03343,0.066182,0.17074,0.35468,0.61869
0.21302,0.046279,0.041115,0.077856,0.19759,0.37531,0.64483
0.2102,0.048019,0.049225,0.091726,0.22259,0.40402,0.6656
0.20714,0.052145,0.057412,0.10772,0.24324,0.43688,0.68033
0.20391,0.058924,0.065909,0.12549,0.26129,0.46322,0.69201
0.20056,0.067873,0.075339,0.14471,0.27901,0.48463,0.70405
0.19716,0.078251,0.086334,0.16503,0.29847,0.50525,0.71986
0.19378,0.089317,0.099525,0.18613,0.32067,0.52809,0.74286
0.19046,0.10033,0.1154,0.20781,0.3463,0.55292,0.77614
0.18729,0.11056,0.13361,0.22991,0.37597,0.57901,0.8147
0.18432,0.11978,0.15353,0.25228,0.40811,0.60558,0.84689
0.1816,0.12847,0.17453,0.27489,0.43935,0.63188,0.87109
0.17922,0.13714,0.19596,0.29774,0.46799,0.65728,0.88942
0.17722,0.14633,0.21731,0.32086,0.49427,0.68151,0.90402
0.17568,0.15654,0.23812,0.34434,0.51853,0.70436,0.91702
0.17465,0.16822,0.25795,0.36831,0.5411,0.72565,0.93055
0.1742,0.18111,0.27634,0.39291,0.5624,0.74558,0.94658
0.17439,0.19476,0.29297,0.41795,0.58299,0.76481,0.96533
0.17529,0.20869,0.30818,0.44247,0.60346,0.78402,0.98595
0.17695,0.22243,0.3226,0.46541,0.62434,0.80391,1.0076
0.17943,0.23552,0.33684,0.48576,0.64559,0.82483,1.0293
0.18269,0.2479,0.35152,0.50356,0.66673,0.84627,1.0504
0.18665,0.2599,0.36715,0.51959,0.68727,0.86757,1.0707
0.19121,0.27184,0.3835,0.53468,0.70674,0.88805,1.0904
0.19631,0.28406,0.40005,0.54965,0.72504,0.90713,1.1096
0.20184,0.29689,0.41628,0.5653,0.74264,0.92513,1.1285
0.20775,0.31041,0.43167,0.5819,0.76003,0.94305,1.1474
0.21399,0.32442,0.446,0.5992,0.77769,0.96192,1.1664
0.22067,0.33865,0.45977,0.61693,0.79612,0.98268,1.1857
0.22786,0.35285,0.47361,0.6348,0.81543,1.0049,1.2055
0.23566,0.36677,0.48816,0.65259,0.83517,1.0272,1.226
0.24416,0.38017,0.50401,0.67033,0.8548,1.048,1.247
0.25345,0.3931,0.52162,0.68819,0.8738,1.0659,1.268
0.26362,0.40583,0.54057,0.70633,0.89171,1.081,1.2885
0.2747,0.41866,0.56025,0.72486,0.90858,1.095,1.3082
0.28667,0.43187,0.58003,0.74346,0.92465,1.1094,1.3269
0.29949,0.44575,0.59935,0.76171,0.94017,1.126,1.3445
0.31311,0.4605,0.61809,0.77917,0.95536,1.1452,1.3608
0.32751,0.47606,0.63634,0.79541,0.97071,1.1662,1.3757
0.34264,0.49228,0.65416,0.81039,0.98699,1.1878,1.3891
0.3584,0.50903,0.67163,0.825,1.005,1.2088,1.4011
0.37457,0.52617,0.68884,0.84021,1.0256,1.2283,1.4124
0.39092,0.54355,0.70583,0.857,1.0494,1.246,1.4233
0.40724,0.56106,0.72263,0.87635,1.0754,1.2623,1.4346
0.42329,0.57856,0.73928,0.89822,1.1014,1.2773,1.4467
0.43885,0.59593,0.75582,0.92119,1.1254,1.2913,1.4602
0.4537,0.61304,0.77216,0.94377,1.1452,1.3043,1.4756
0.4676,0.62976,0.7882,0.9647,1.1609,1.3168,1.493
0.48034,0.64616,0.80383,0.98378,1.1737,1.3288,1.5116
0.49208,0.66243,0.81895,1.0011,1.1851,1.341,1.5306
0.50333,0.67879,0.83395,1.0169,1.1964,1.3538,1.549
0.51465,0.69544,0.84969,1.0325,1.2089,1.3677,1.5662
0.52658,0.71259,0.86702,1.0494,1.2231,1.3833,1.5813
0.53967,0.73026,0.88669,1.0691,1.2388,1.4006,1.5949
0.55445,0.74822,0.90816,1.0917,1.2555,1.4191,1.6075
0.57147,0.76626,0.93028,1.1154,1.273,1.4377,1.6197
0.59116,0.78415,0.95188,1.1384,1.2909,1.4556,1.6324
0.61287,0.80174,0.9719,1.1587,1.3088,1.4719,1.6459
0.63538,0.81916,0.99039,1.1748,1.3263,1.4856,1.6607
0.65745,0.83662,1.008,1.1879,1.3431,1.4959,1.6761
0.67801,0.85431,1.0253,1.2005,1.359,1.5032,1.692
0.69694,0.87239,1.0429,1.2138,1.3743,1.5101,1.7078
0.7145,0.89083,1.0611,1.2276,1.3891,1.5189,1.7231
0.73098,0.90937,1.0794,1.2419,1.4035,1.5325,1.7376
0.74667,0.92777,1.0976,1.2564,1.4176,1.5531,1.7509
0.76183,0.94578,1.1152,1.2713,1.4317,1.5788,1.7626
0.77676,0.96319,1.1318,1.2862,1.4459,1.6032,1.7729
0.79173,0.98013,1.1475,1.3012,1.4604,1.6211,1.7819
0.80688,0.99683,1.1623,1.3162,1.4751,1.6331,1.7899
0.82218,1.0136,1.1765,1.3311,1.4901,1.6412,1.7969
0.83757,1.0305,1.1904,1.3459,1.5051,1.6474,1.8033
0.85301,1.0478,1.204,1.3606,1.52,1.6536,1.8091
0.86843,1.065,1.2175,1.3752,1.5346,1.6617,1.8146
0.8838,1.082,1.2312,1.3896,1.5487,1.6732,1.8198
0.89905,1.0986,1.2451,1.404,1.5623,1.6872,1.825
0.91413,1.1146,1.2594,1.4181,1.5751,1.7019,1.8302
0.92911,1.1301,1.2743,1.4322,1.587,1.7156,1.8356
0.94426,1.1452,1.2896,1.446,1.5982,1.7273,1.8412
0.95988,1.1601,1.3053,1.4597,1.6088,1.7374,1.8473
0.97625,1.175,1.3212,1.4733,1.619,1.7463,1.8539
0.99368,1.19,1.3371,1.4866,1.6292,1.7545,1.8611
1.0123,1.205,1.353,1.4998,1.6396,1.7625,1.8692
1.0314,1.22,1.3686,1.5129,1.6503,1.7707,1.878
1.0503,1.2349,1.3838,1.5257,1.6617,1.7789,1.8873
1.0682,1.2494,1.3985,1.5384,1.6738,1.7871,1.8967
1.085,1.2637,1.4127,1.5509,1.6863,1.7953,1.9059
1.1008,1.2778,1.4263,1.5632,1.6989,1.8032,1.9145
1.116,1.2916,1.4395,1.5754,1.7112,1.8108,1.9223
1.1308,1.3052,1.4522,1.5873,1.7228,1.8181,1.9291
1.1456,1.3186,1.4644,1.5991,1.7333,1.8249,1.9349
1.1605,1.3319,1.4761,1.6107,1.7424,1.8314,1.9399
1.1758,1.3451,1.4875,1.6221,1.7497,1.8377,1.9443
1.1914,1.3581,1.4988,1.6334,1.7553,1.8438,1.9482
1.207,1.3711,1.5101,1.6444,1.7597,1.8499,1.9518
1.2223,1.3841,1.5219,1.6552,1.7633,1.8561,1.9553
1.2369,1.397,1.5344,1.6657,1.7668,1.8625,1.9588
1.2505,1.4101,1.5473,1.676,1.7706,1.869,1.9624
1.2629,1.4232,1.5604,1.686,1.7752,1.8756,1.966
1.2744,1.4364,1.5735,1.6956,1.781,1.8821,1.9696
1.2856,1.4498,1.5861,1.7048,1.788,1.8885,1.9731
1.297,1.4632,1.5982,1.7137,1.7957,1.8946,1.9765
1.3093,1.4766,1.6095,1.7222,1.8037,1.9002,1.9797
1.3224,1.4897,1.6204,1.7303,1.8117,1.9054,1.9827
1.336,1.5025,1.6306,1.738,1.8193,1.9099,1.9855
1.3498,1.5149,1.6404,1.7453,1.8261,1.9139,1.988
1.3635,1.5267,1.6498,1.7523,1.8319,1.9174,1.9901
1.3766,1.538,1.6588,1.759,1.8367,1.9206,1.992
1.3889,1.5489,1.6675,1.7653,1.8408,1.9236,1.9936
1.4004,1.5596,1.6759,1.7714,1.8445,1.9265,1.9949
1.4116,1.5701,1.6841,1.7771,1.8479,1.9293,1.996
1.4231,1.5805,1.6919,1.7826,1.8512,1.9323,1.9969
1.4356,1.5908,1.6995,1.7879,1.8547,1.9354,1.9976
1.4496,1.601,1.7067,1.793,1.8586,1.9385,1.9981
1.4658,1.611,1.7136,1.798,1.863,1.9417,1.9986
1.4833,1.6206,1.7202,1.8029,1.8677,1.9449,1.9989
1.5005,1.63,1.7265,1.8076,1.8728,1.948,1.9992
1.5152,1.6389,1.7325,1.8124,1.878,1.9511,1.9994
1.5268,1.6474,1.7382,1.8171,1.8834,1.9541,1.9996
1.5359,1.6554,1.7437,1.8216,1.8886,1.957,1.9999
1.5435,1.663,1.749,1.826,1.8937,1.9597,2.0001
1.5504,1.6702,1.7541,1.8303,1.8986,1.9623,2.0004
1.5575,1.677,1.7592,1.8344,1.9031,1.9646,2.0008
1.5656,1.6834,1.7642,1.8383,1.9073,1.9667,2.0011
1.5745,1.6896,1.7691,1.8419,1.9111,1.9684,2.0013
1.5836,1.6956,1.774,1.8453,1.9146,1.9699,2.0016
1.5926,1.7013,1.7788,1.8486,1.9176,1.971,2.0017
1.6012,1.7069,1.7836,1.8517,1.9202,1.9718,2.0017
1.6087,1.7123,1.7884,1.8548,1.9224,1.9723,2.0016
1.6151,1.7175,1.7931,1.8579,1.9241,1.9725,2.0013
1.6206,1.7227,1.7977,1.861,1.9254,1.9725,2.0008
1.6258,1.7277,1.8023,1.8641,1.9263,1.9723,2.0002
1.6312,1.7327,1.8068,1.8673,1.927,1.9719,1.9993
1.6372,1.7376,1.8112,1.8705,1.9275,1.9713,1.9981
1.6444,1.7424,1.8154,1.8736,1.9279,1.9706,1.9967
1.6527,1.7472,1.8195,1.8765,1.9282,1.9697,1.9949
1.6617,1.7519,1.8233,1.8791,1.9285,1.9688,1.9928
1.6711,1.7565,1.8268,1.8815,1.9288,1.9679,1.9904
1.6804,1.7609,1.8301,1.8834,1.9293,1.9669,1.9876
1.6892,1.7653,1.833,1.8851,1.9297,1.9659,1.9846
1.697,1.7694,1.8358,1.8865,1.93,1.9649,1.9812
1.7037,1.7734,1.8383,1.8877,1.9303,1.9639,1.9776
1.7091,1.7772,1.8406,1.8886,1.9303,1.963,1.9738
1.7136,1.7808,1.8428,1.8894,1.9302,1.9622,1.9697
1.7172,1.7842,1.8449,1.8901,1.9298,1.9613,1.9655
1.7203,1.7874,1.8469,1.8907,1.9291,1.9604,1.9611
1.7228,1.7904,1.8489,1.8911,1.9282,1.9593,1.9565
1.7251,1.7931,1.8508,1.8916,1.9271,1.9581,1.9518
1.7273,1.7955,1.8525,1.892,1.9258,1.9567,1.947
1.7294,1.7979,1.854,1.8924,1.9243,1.9551,1.9421
1.7316,1.8003,1.8552,1.8928,1.9225,1.9531,1.9372
1.7339,1.8027,1.8562,1.8932,1.9207,1.9508,1.9321
1.7364,1.8052,1.8569,1.8937,1.9187,1.9482,1.9269
1.7392,1.808,1.8572,1.8941,1.9165,1.9451,1.9215
1.7424,1.8111,1.8574,1.8946,1.9141,1.9415,1.916
1.746,1.8145,1.8574,1.8949,1.9116,1.9375,1.9104
1.7499,1.8184,1.8573,1.8951,1.9089,1.9329,1.9046
1.7539,1.8224,1.8573,1.8951,1.9061,1.9278,1.8986
1.758,1.8265,1.8572,1.8949,1.903,1.9221,1.8924
1.7619,1.8304,1.8572,1.8943,1.8997,1.9158,1.8861
1.7655,1.8337,1.8572,1.8933,1.8962,1.9089,1.8796
1.7686,1.8364,1.8571,1.892,1.8924,1.9014,1.873
1.7712,1.8384,1.857,1.8902,1.8885,1.8932,1.8664
1.7734,1.8396,1.8568,1.888,1.8845,1.8848,1.8598
1.7753,1.8402,1.8564,1.8856,1.8803,1.8763,1.8534
1.7772,1.8403,1.856,1.8828,1.876,1.8679,1.847
1.7791,1.8399,1.8554,1.8799,1.8716,1.86,1.8407
1.7812,1.8391,1.8547,1.8767,1.8672,1.8527,1.8345
1.7835,1.8381,1.8537,1.8734,1.8628,1.8463,1.8281
1.7862,1.8368,1.8525,1.8699,1.8584,1.8407,1.8215
1.789,1.8354,1.8511,1.8664,1.854,1.8356,1.8146
1.7917,1.8339,1.8494,1.8627,1.8496,1.8307,1.8072
1.7941,1.8324,1.8474,1.8589,1.8452,1.8259,1.7994
1.7961,1.8308,1.8452,1.8549,1.8407,1.8209,1.791
1.7974,1.8291,1.8426,1.8507,1.836,1.8154,1.7818
1.7978,1.8274,1.8396,1.8462,1.8311,1.8092,1.7718
1.7973,1.8257,1.8363,1.8415,1.826,1.8021,1.761
1.7962,1.8239,1.8327,1.8364,1.8205,1.794,1.7493
1.7947,1.8221,1.8287,1.831,1.8147,1.7851,1.7369
1.793,1.8202,1.8244,1.8251,1.8086,1.7754,1.7236
1.7915,1.8183,1.8201,1.8189,1.802,1.7651,1.7096
1.7904,1.8164,1.8156,1.8121,1.7949,1.7544,1.6949
1.7899,1.8144,1.8112,1.805,1.7874,1.7435,1.6795
1.79,1.8123,1.8068,1.7977,1.7794,1.7323,1.6634
1.7904,1.81,1.8026,1.7902,1.7709,1.7212,1.6467
1.7909,1.8076,1.7987,1.7828,1.7618,1.7101,1.6294
1.7912,1.805,1.795,1.7755,1.7521,1.6992,1.6119
1.7909,1.8023,1.7916,1.7685,1.7419,1.6883,1.5946
1.79,1.7992,1.7882,1.7619,1.7314,1.6775,1.5779
1.788,1.796,1.7847,1.7558,1.7208,1.6667,1.5621
1.7854,1.7924,1.7808,1.7505,1.7103,1.656,1.5472
1.7821,1.7886,1.7764,1.7457,1.7001,1.6451,1.5332
1.7785,1.7844,1.7714,1.7412,1.6904,1.6343,1.5199
1.7748,1.7798,1.7656,1.7366,1.6813,1.6231,1.5071
1.7712,1.7749,1.7592,1.7317,1.6729,1.6116,1.4946
1.7678,1.7696,1.7524,1.7261,1.6648,1.5996,1.4823
1.7646,1.7638,1.7453,1.7195,1.6566,1.5869,1.4698
1.7616,1.7576,1.738,1.7116,1.648,1.5734,1.4568
1.7586,1.7511,1.7305,1.7025,1.6387,1.559,1.4431
1.7555,1.7443,1.7231,1.6925,1.6283,1.5437,1.4283
1.7522,1.7373,1.7156,1.6817,1.6166,1.5278,1.4122
1.7488,1.7302,1.708,1.6703,1.6039,1.5114,1.3946
1.745,1.7231,1.7003,1.6585,1.5906,1.4948,1.375
1.7409,1.716,1.6924,1.6464,1.5769,1.4782,1.3534
1.7365,1.7091,1.6843,1.6343,1.5633,1.4617,1.3307
1.7319,1.7024,1.6759,1.6222,1.5502,1.4455,1.3086
1.7272,1.696,1.6672,1.6104,1.5377,1.4298,1.2886
1.7223,1.6899,1.6581,1.5988,1.5256,1.4147,1.2719
1.7174,1.6839,1.6487,1.5873,1.5138,1.4004,1.2577
1.7125,1.6779,1.6391,1.5757,1.5019,1.3868,1.2453
1.7076,1.6717,1.6291,1.5639,1.4897,1.3736,1.2336
1.7028,1.6652,1.6189,1.5519,1.4769,1.3603,1.2218
1.6978,1.6582,1.6084,1.5395,1.4634,1.3464,1.2089
1.6928,1.6507,1.5976,1.5265,1.4489,1.3314,1.1941
1.6875,1.6425,1.5865,1.5132,1.4331,1.315,1.1771
1.682,1.6338,1.5752,1.4997,1.4165,1.2976,1.1582
1.6762,1.6247,1.5637,1.4859,1.3994,1.2796,1.1381
1.67,1.6152,1.5521,1.4722,1.3824,1.2614,1.1171
1.6634,1.6053,1.5403,1.4585,1.3659,1.2434,1.0957
1.6562,1.5952,1.5284,1.4451,1.3503,1.2261,1.0745
1.6487,1.5848,1.5165,1.4319,1.336,1.2097,1.0538
1.6408,1.5742,1.5045,1.4187,1.3234,1.1938,1.0341
1.6327,1.5636,1.4924,1.4052,1.3122,1.178,1.0154
1.6244,1.5527,1.4802,1.3913,1.3017,1.1621,0.99729
1.616,1.5418,1.4678,1.3767,1.2914,1.1455,0.97956
1.6076,1.5306,1.4551,1.3616,1.2808,1.128,0.96188
1.5993,1.5194,1.442,1.346,1.2691,1.1091,0.94395
1.5912,1.508,1.4284,1.3303,1.2559,1.0885,0.92546
1.583,1.4964,1.4143,1.3145,1.2406,1.0661,0.90602
1.5747,1.4848,1.3998,1.2989,1.2226,1.0432,0.88512
1.566,1.4729,1.3853,1.2835,1.202,1.0216,0.86222
1.5567,1.4609,1.3707,1.2685,1.1796,1.0018,0.83709
1.5468,1.4486,1.3565,1.254,1.156,0.98327,0.81101
1.5362,1.4361,1.3428,1.24,1.132,0.96566,0.7858
1.525,1.4233,1.3295,1.2262,1.1083,0.94846,0.7633
1.5135,1.4102,1.3164,1.2122,1.0855,0.9312,0.74532
1.5016,1.3967,1.3033,1.1974,1.0645,0.91341,0.73226
1.4896,1.3828,1.2902,1.1814,1.0457,0.89471,0.72136
1.4775,1.3687,1.2769,1.1643,1.0287,0.87529,0.7095
1.4654,1.3543,1.2632,1.1466,1.0126,0.85556,0.6935
1.4534,1.34,1.249,1.1287,0.99675,0.83592,0.67033
1.4416,1.3257,1.2341,1.1113,0.98021,0.81677,0.6409
1.43,1.3117,1.2186,1.0943,0.96223,0.79852,0.61152
1.4188,1.2979,1.2022,1.0773,0.94285,0.78156,0.588
1.4079,1.2845,1.1849,1.06,0.9229,0.76599,0.57073
1.3974,1.2711,1.167,1.0421,0.90326,0.75112,0.55802
1.3865,1.2578,1.1488,1.0237,0.88479,0.7362,0.54818
1.3745,1.2444,1.1308,1.0051,0.86797,0.72047,0.53951
1.3608,1.2307,1.1135,0.98659,0.85237,0.70353,0.53032
1.3444,1.2166,1.0971,0.96822,0.83744,0.68557,0.51932
1.3253,1.202,1.0822,0.94977,0.82261,0.6668,0.50672
1.3047,1.1869,1.069,0.93103,0.80733,0.64746,0.49306
1.2843,1.1711,1.0566,0.91178,0.79104,0.62776,0.47893
1.2658,1.1547,1.0429,0.8918,0.77332,0.60794,0.46486
1.25,1.138,1.0261,0.87126,0.75423,0.58822,0.45143
1.2365,1.1212,1.005,0.85066,0.734,0.56881,0.43896
1.2247,1.1048,0.98179,0.83051,0.71281,0.54993,0.42739
1.2141,1.0889,0.9589,0.81135,0.69089,0.53162,0.41667
1.2041,1.0734,0.93891,0.7937,0.66841,0.51392,0.4067
1.1941,1.0579,0.92315,0.77807,0.64561,0.49685,0.39741
1.1836,1.0421,0.90982,0.7645,0.62266,0.48043,0.38872
1.1721,1.0257,0.89657,0.75171,0.59979,0.4647,0.38057
1.1594,1.0083,0.88106,0.7382,0.57726,0.44967,0.37288
1.1457,0.99028,0.86196,0.72264,0.55536,0.43536,0.36561
1.1311,0.97182,0.84058,0.70494,0.53439,0.42178,0.3587
1.1155,0.95319,0.81872,0.68557,0.51463,0.40895,0.35212
1.0991,0.93464,0.79817,0.665,0.49637,0.39689,0.34581
1.0821,0.91637,0.78067,0.64372,0.4799,0.38559,0.33972
1.0643,0.89837,0.76611,0.62219,0.46552,0.37491,0.3338
1.0461,0.88055,0.75184,0.60089,0.45329,0.36456,0.32804
1.0275,0.86281,0.73501,0.58028,0.44281,0.35428,0.32245
1.0088,0.84507,0.71343,0.56082,0.43364,0.3438,0.31703
0.99032,0.82724,0.68998,0.54296,0.42532,0.33285,0.3118
0.97214,0.80934,0.66963,0.52717,0.41739,0.32116,0.30676
0.95454,0.79144,0.65307,0.5138,0.4094,0.30863,0.30193
0.93773,0.77363,0.63836,0.50221,0.4009,0.29565,0.29731
0.92192,0.75597,0.62354,0.49113,0.39144,0.2827,0.29291
0.90695,0.73854,0.60686,0.4793,0.38061,0.27027,0.28876
0.8922,0.72135,0.58839,0.4656,0.36852,0.25878,0.28484
0.87703,0.70436,0.5691,0.4501,0.35552,0.24832,0.28117
0.86078,0.68748,0.55,0.43351,0.34194,0.23886,0.27771
0.84281,0.67063,0.532,0.41655,0.32816,0.23035,0.27445
0.82247,0.65375,0.51523,0.39992,0.31451,0.22275,0.27137
0.79966,0.63677,0.49944,0.38435,0.30134,0.21604,0.26843
0.77603,0.61968,0.48435,0.37054,0.28881,0.21016,0.26562
0.7536,0.6026,0.46972,0.35871,0.27698,0.20508,0.26291
0.73425,0.58564,0.45528,0.34849,0.26589,0.20076,0.26028
0.71821,0.56892,0.44101,0.33948,0.2556,0.19716,0.2577
0.70455,0.55253,0.42695,0.33124,0.24616,0.19419,0.25516
0.69235,0.53644,0.41318,0.32338,0.23761,0.19174,0.25266
0.68065,0.52064,0.39975,0.31547,0.22987,0.18969,0.25021
0.66852,0.50507,0.38673,0.30713,0.22266,0.18791,0.24781
0.65505,0.48967,0.3742,0.29831,0.21569,0.18631,0.24546
0.63998,0.47427,0.36218,0.28914,0.20865,0.18475,0.24317
0.62359,0.45868,0.35073,0.27976,0.20126,0.18312,0.24095
0.60619,0.44275,0.33988,0.2703,0.19323,0.18131,0.2388
0.58806,0.42629,0.32969,0.26089,0.18464,0.17919,0.23671
0.5695,0.40935,0.32018,0.25158,0.1758,0.17674,0.23468
0.55081,0.39253,0.3114,0.24233,0.16699,0.17406,0.2327
0.53224,0.37653,0.30327,0.23313,0.15853,0.17126,0.23075
0.51404,0.36206,0.29556,0.22393,0.15072,0.16843,0.22885
0.49646,0.3498,0.28801,0.21472,0.14379,0.16569,0.22697
0.47974,0.34006,0.28037,0.20546,0.13768,0.16314,0.22512
0.46413,0.33225,0.27239,0.19612,0.13225,0.16088,0.22329
0.44971,0.32567,0.26381,0.18675,0.12733,0.15901,0.22152
0.43629,0.31961,0.25453,0.17742,0.12279,0.15751,0.21984
0.42364,0.31339,0.24474,0.1682,0.11847,0.15638,0.2183
0.41151,0.30629,0.23469,0.15916,0.11423,0.15557,0.21693
0.39968,0.29774,0.22459,0.1504,0.10992,0.15507,0.21578
0.38797,0.28786,0.21469,0.14197,0.10553,0.15485,0.21488
0.37641,0.27717,0.20522,0.13396,0.1012,0.1549,0.21428
0.36514,0.26613,0.19639,0.12637,0.097066,0.15518,0.214
0.35426,0.25524,0.1882,0.11914,0.093248,0.15565,0.21407
0.3439,0.24498,0.18051,0.11221,0.089883,0.15625,0.21446
0.33419,0.23566,0.17315,0.10551,0.087106,0.15692,0.21515
0.32522,0.22727,0.166,0.098969,0.085047,0.1576,0.21613
0.31699,0.21972,0.15892,0.092529,0.083781,0.15824,0.21735
0.30941,0.21296,0.15191,0.086119,0.083237,0.15876,0.21881
0.30241,0.20692,0.14504,0.079674,0.083322,0.15913,0.22047
0.29591,0.20152,0.13839,0.073174,0.083942,0.1593,0.22232
0.28983,0.19671,0.13203,0.066752,0.085004,0.15934,0.22432
0.28409,0.19242,0.12605,0.060572,0.086414,0.15934,0.22647
0.27861,0.18857,0.12051,0.054796,0.088079,0.15936,0.22872
0.27331,0.18511,0.11549,0.049587,0.089906,0.15948,0.23107
0.26811,0.18196,0.11107,0.045109,0.091801,0.1598,0.23348
0.26294,0.17906,0.10732,0.041525,0.093671,0.16037,0.23593
0.25771,0.17634,0.10431,0.038998,0.095422,0.16129,0.2384
0.25235,0.17373,0.10212,0.03769,0.096962,0.16263,0.24087
0.24677,0.17117,0.10083,0.037766,0.098197,0.16447,0.2433
